sale_date,Year,Month,Weekday_Name,M01AB,M01AE,N02BA,N02BE,N05B,N05C,R03,R06,total_sales
02-01-2014,2014,1,Thursday,0,3.670000076,3.400000095,32.40000153,7,0,0,2,48.4700017
03-01-2014,2014,1,Friday,8,4,4.400000095,50.59999847,16,0,20,4,106.9999986
04-01-2014,2014,1,Saturday,2,1,6.5,61.84999847,10,0,9,1,91.34999847
05-01-2014,2014,1,Sunday,4,3,7,41.09999847,8,0,3,0,66.09999847
06-01-2014,2014,1,Monday,5,1,4.5,21.70000076,16,2,6,2,58.20000076
07-01-2014,2014,1,Tuesday,0,0,0,0,0,0,0,0,0
08-01-2014,2014,1,Wednesday,5.329999924,3,10.5,26.39999962,19,1,10,0,75.22999954
09-01-2014,2014,1,Thursday,7,1.679999948,8,25,16,0,3,2,62.67999995
10-01-2014,2014,1,Friday,5,2,2,53.29999924,15,2,0,2,81.29999924
11-01-2014,2014,1,Saturday,5,4.340000153,10.39999962,52.29999924,14,0,1,0.200000003,87.23999901
12-01-2014,2014,1,Sunday,2,0.660000026,2.5,12,8,0,1,1,27.16000003
13-01-2014,2014,1,Monday,7.340000153,7.659999847,6.199999809,52,9,0,7,1,90.19999981
14-01-2014,2014,1,Tuesday,6,1.330000043,12.30000019,33.70000076,6,1,0,2,62.330001
15-01-2014,2014,1,Wednesday,4,2.339999914,5,26.70000076,12,2,3,3,58.04000068
16-01-2014,2014,1,Thursday,6,2,4.300000191,28.29999924,19,1,5,0,65.59999943
17-01-2014,2014,1,Friday,2,3.680000067,8.300000191,20.39999962,15,0,6,3,58.37999988
18-01-2014,2014,1,Saturday,1,5.329999924,5.800000191,43.20000076,15,4,7,2,83.33000088
19-01-2014,2014,1,Sunday,4.329999924,4,4,14.10000038,4,0,1,1,32.43000031
20-01-2014,2014,1,Monday,6,3.339999914,3.299999952,11.89999962,18,2,12,3,59.53999949
21-01-2014,2014,1,Tuesday,2,3.339999914,4,42,15,2,0,1,69.33999991
22-01-2014,2014,1,Wednesday,7,3,7,18.10000038,10,0,5,2,52.10000038
23-01-2014,2014,1,Thursday,4,4.670000076,5.199999809,26.20000076,2,3,1,3,49.07000065
24-01-2014,2014,1,Friday,4.670000076,7.340000153,7,19.60000038,13,1,0,0,52.61000061
25-01-2014,2014,1,Saturday,6,9,5,37.79999924,18,0,5,1,81.79999924
26-01-2014,2014,1,Sunday,4.329999924,1.679999948,0,24,4,0,0,0,34.00999987
27-01-2014,2014,1,Monday,4.340000153,4.670000076,1.200000048,23.60000038,17,2,1,3,56.81000066
28-01-2014,2014,1,Tuesday,6,3.339999914,2.799999952,13.38000011,22,5,1,5,58.51999998
29-01-2014,2014,1,Wednesday,5.329999924,4,2,14,10,1,1,2,39.32999992
30-01-2014,2014,1,Thursday,3.019999981,1.340000033,2.400000095,25.5,7,1,3,2,45.26000011
31-01-2014,2014,1,Friday,1,2.680000067,7.099999905,26.89999962,9,0,1,0,47.67999959
01-02-2014,2014,2,Saturday,4.329999924,4.320000172,5,43,13,1,14,0,84.6500001
02-02-2014,2014,2,Sunday,7,3,0.200000003,13.5,6,2,8,0,39.7
03-02-2014,2014,2,Monday,5,1,8.5,32.40000153,16,1,1,0,64.90000153
04-02-2014,2014,2,Tuesday,1.330000043,3,7,30.60000038,8,1,17,2,69.93000042
05-02-2014,2014,2,Wednesday,3,4.019999981,6.199999809,32.40000153,15,1,1,1,63.62000132
06-02-2014,2014,2,Thursday,3.329999924,6.679999828,3.5,41.40000153,17,2,5,2,80.91000128
07-02-2014,2014,2,Friday,2.660000086,8.670000076,11.69999981,21.39999962,19,1,0,0,64.42999959
08-02-2014,2014,2,Saturday,3.329999924,3.349999905,14.39999962,37.09999847,13,1,1,1,74.17999792
09-02-2014,2014,2,Sunday,4,3,2,31.5,10,0,6,0,56.5
10-02-2014,2014,2,Monday,5,10.32999992,8.5,40.09999847,20,3,3,1,90.9299984
11-02-2014,2014,2,Tuesday,10,6.989999771,13.30000019,44.59999847,20,2,6,2.200000048,105.0899985
12-02-2014,2014,2,Wednesday,9,1.669999957,9.100000381,73.59999847,9,0,5,0,107.3699988
13-02-2014,2014,2,Thursday,4.329999924,3.670000076,10,49.09999847,13,3,0,1,84.09999847
14-02-2014,2014,2,Friday,4,4.010000229,3.200000048,42.29999924,13,4,0,6,76.50999951
15-02-2014,2014,2,Saturday,1,2.339999914,2,37,9,0,1,5,57.33999991
16-02-2014,2014,2,Sunday,0,1.679999948,1.200000048,34,5,2,3,1,47.88
17-02-2014,2014,2,Monday,7.340000153,4,12.69999981,27,13,1,7,0,72.03999996
18-02-2014,2014,2,Tuesday,7.340000153,7.360000134,6.099999905,45,14,0,13,5,97.80000019
19-02-2014,2014,2,Wednesday,3.329999924,5.019999981,5.5,66.80000305,17,1,6,1,105.650003
20-02-2014,2014,2,Thursday,7,7.019999981,3.200000048,21.5,16,3,8,1,66.72000003
21-02-2014,2014,2,Friday,6,4.340000153,9,25.39999962,17,0,0,0,61.73999977
22-02-2014,2014,2,Saturday,7,3.170000076,5.699999809,26,12,0,1,0,54.86999989
23-02-2014,2014,2,Sunday,1,3.339999914,2,21,10,0,0,0,37.33999991
24-02-2014,2014,2,Monday,7,4.679999828,5.5,26.5,4,0,0,3,50.67999983
25-02-2014,2014,2,Tuesday,5,1.679999948,11.19999981,34.5,13,0,0,2,67.37999976
26-02-2014,2014,2,Wednesday,5,4.010000229,1,34,5,0,12,1,62.01000023
27-02-2014,2014,2,Thursday,3,6.340000153,4,33.20000076,8,1,2,1,58.54000092
28-02-2014,2014,2,Friday,7,7.360000134,5.300000191,37,12,1,2,0,71.66000032
01-03-2014,2014,3,Saturday,6.340000153,3.680000067,11.35499954,50.70000076,8,0,0,2.099999905,82.17500043
02-03-2014,2014,3,Sunday,3.339999914,1,2,6.599999905,2,0,0,1,15.93999982
03-03-2014,2014,3,Monday,4,3.680000067,1.600000024,22.10000038,1,2,0,2.200000048,36.58000052
04-03-2014,2014,3,Tuesday,5.340000153,7.019999981,7.199999809,47.27500153,9,0,5,4,84.83500147
05-03-2014,2014,3,Wednesday,3.339999914,1,3,25,4,0,1,0,37.33999991
06-03-2014,2014,3,Thursday,3,2,5.5,44.09999847,17,1,5,1,78.59999847
07-03-2014,2014,3,Friday,4,4.340000153,9.5,25,3,1,0,2,48.84000015
08-03-2014,2014,3,Saturday,4.340000153,3.069999933,1,27.60000038,11,0,0,0,47.01000047
09-03-2014,2014,3,Sunday,1,0,4,11.30000019,3,0,5,0,24.30000019
10-03-2014,2014,3,Monday,6.679999828,5.349999905,3.799999952,47,11,0,0,2,75.82999969
11-03-2014,2014,3,Tuesday,6,5.699999809,7,30.39999962,12,1,1,5,68.09999943
12-03-2014,2014,3,Wednesday,6.340000153,2.680000067,6.5,19.60000038,22,3,2,2,64.1200006
13-03-2014,2014,3,Thursday,2.309999943,4.360000134,5.300000191,15.5,10,0,26,2,65.47000027
14-03-2014,2014,3,Friday,4.340000153,1.679999948,1.200000048,16,11,0,1,2,37.22000015
15-03-2014,2014,3,Saturday,4,2,11,23.29999924,18,1,6,2,67.29999924
16-03-2014,2014,3,Sunday,2.680000067,2,1.399999976,13,6,0,0,4,29.08000004
17-03-2014,2014,3,Monday,8.680000305,3.339999914,7,37,6,1,0,1,64.02000022
18-03-2014,2014,3,Tuesday,8,4,5,20.10000038,9,0,0,4,50.10000038
19-03-2014,2014,3,Wednesday,4,3.019999981,4,21.79999924,2,0,0,2,36.81999922
20-03-2014,2014,3,Thursday,3,5.340000153,1.600000024,38.20000076,5,0,7,4.199999809,64.34000075
21-03-2014,2014,3,Friday,6,3.680000067,4.5,40,4,0,2,1,61.18000007
22-03-2014,2014,3,Saturday,3.339999914,2.339999914,0,26.29999924,10,2,18,8.399999619,70.37999868
23-03-2014,2014,3,Sunday,6.340000153,2,4,19.39999962,0,1,0,3,35.73999977
24-03-2014,2014,3,Monday,5.679999828,1,4,23.60000038,7,0,6,3.5,50.78000021
25-03-2014,2014,3,Tuesday,4,1.340000033,9,38.59999847,7,0,1,1,61.93999851
26-03-2014,2014,3,Wednesday,2.339999914,3.99000001,9,6.699999809,7,3,3,0,35.02999973
27-03-2014,2014,3,Thursday,4,0.330000013,2,20.70000076,6,1,1,5,40.03000078
28-03-2014,2014,3,Friday,2.670000076,2,8,11,3,0,9,5,40.67000008
29-03-2014,2014,3,Saturday,4,6.329999924,4.199999809,24,8,2,9,3,60.52999973
30-03-2014,2014,3,Sunday,3,2.339999914,0,12,4,0,0,7,28.33999991
31-03-2014,2014,3,Monday,5.340000153,2.339999914,4,15.39999962,6,1,4,6,44.07999969
01-04-2014,2014,4,Tuesday,4.340000153,1.340000033,6.5,27.5,5,3,3,1,51.68000019
02-04-2014,2014,4,Wednesday,2,4.679999828,8.899999619,23,1,0,7,3,49.57999945
03-04-2014,2014,4,Thursday,1,1.340000033,3,19.20000076,4,0,0,4,32.5400008
04-04-2014,2014,4,Friday,3,3.670000076,3,24,9,3,8,2,55.67000008
05-04-2014,2014,4,Saturday,2,7.679999828,10,25.60000038,5,0,5,3,58.28000021
06-04-2014,2014,4,Sunday,2,1,1,19,1,0,0,1,25
07-04-2014,2014,4,Monday,6.340000153,6,6.5,31.5,4,0,0,1,55.34000015
08-04-2014,2014,4,Tuesday,4.340000153,2.339999914,1.700000048,19,6,1,0,4.699999809,39.07999992
09-04-2014,2014,4,Wednesday,6,1.019999981,1,18,2,1,2,2.599999905,33.61999989
10-04-2014,2014,4,Thursday,3.329999924,1.679999948,1,18,10,0,4,4,42.00999987
11-04-2014,2014,4,Friday,6,4,3,25,2,2,0,2,44
12-04-2014,2014,4,Saturday,7.019999981,3.339999914,6,23.5,19,0,11,4,73.8599999
13-04-2014,2014,4,Sunday,3,2,2,6,3,0,5,2,23
14-04-2014,2014,4,Monday,1.340000033,4.679999828,5.349999905,28.28000069,10,0,5,5,59.65000045
15-04-2014,2014,4,Tuesday,4.340000153,3,6.400000095,18.70000076,12,0,10,1,55.44000101
16-04-2014,2014,4,Wednesday,2,1.00999999,4.199999809,25.62000084,1,0,6,4,43.83000064
17-04-2014,2014,4,Thursday,5.340000153,0.340000004,7.199999809,16,19,0,0,0,47.87999997
18-04-2014,2014,4,Friday,7,7,8,23.29999924,10,1,0,5,61.29999924
19-04-2014,2014,4,Saturday,7.340000153,3.349999905,4,22.29999924,7,0,3,5,51.98999929
20-04-2014,2014,4,Sunday,0,0,0,0,0,0,0,0,0
21-04-2014,2014,4,Monday,1.340000033,1.679999948,2.099999905,13.5,8,0,0,1,27.61999989
22-04-2014,2014,4,Tuesday,5.340000153,7.164999962,3.299999952,32,8,1,0,1,57.80500007
23-04-2014,2014,4,Wednesday,6.340000153,2.339999914,3,24.89999962,8,1,2,1,48.57999969
24-04-2014,2014,4,Thursday,2,2,1.100000024,26,6,0,6,2,45.10000002
25-04-2014,2014,4,Friday,3,2.019999981,5,24.89999962,10,1,1,3,49.9199996
26-04-2014,2014,4,Saturday,4.340000153,2.670000076,5.5,35,12,1,6,4,70.51000023
27-04-2014,2014,4,Sunday,4,2.339999914,2,26.20000076,2,0,1,1,38.54000068
28-04-2014,2014,4,Monday,1.340000033,3.089999914,3,29.10000038,8,2,0,2,48.53000033
29-04-2014,2014,4,Tuesday,3.329999924,4.019999981,4.400000095,30.29999924,6,1,5,0.400000006,54.44999924
30-04-2014,2014,4,Wednesday,4.340000153,2.680000067,7,43.09999847,11,0,7,4,79.11999869
01-05-2014,2014,5,Thursday,0,0,0,0,0,0,0,0,0
02-05-2014,2014,5,Friday,7.340000153,7.340000153,6.300000191,39.5,16,1,12,2,91.4800005
03-05-2014,2014,5,Saturday,4,5.340000153,2,14.60000038,5,2,0,2.5,35.44000053
04-05-2014,2014,5,Sunday,1.669999957,4.690000057,1.200000048,20,3,0,0,3,33.56000006
05-05-2014,2014,5,Monday,3,5.784999847,5,20,7,0,3,4,47.78499985
06-05-2014,2014,5,Tuesday,7.340000153,4.360000134,4,22,10,2,6,5,60.70000029
07-05-2014,2014,5,Wednesday,3.329999924,6.320000172,3,16.79999924,8,1,3,11,52.44999933
08-05-2014,2014,5,Thursday,2,2.339999914,3.400000095,20.39999962,10,3,0,5,46.13999963
09-05-2014,2014,5,Friday,2,5,4.199999809,16,12,2,1,2,44.19999981
10-05-2014,2014,5,Saturday,5,6,9,39.40000153,15,3,1,5,83.40000153
11-05-2014,2014,5,Sunday,2,2.680000067,1,17,7,0,1,4,34.68000007
12-05-2014,2014,5,Monday,4.340000153,3.339999914,9,12,8,0,5,2,43.68000007
13-05-2014,2014,5,Tuesday,3.680000067,0.340000004,6.199999809,32,7,0,25,7.5,81.71999988
14-05-2014,2014,5,Wednesday,1,4.019999981,6,24.29999924,4,0,0,3,42.31999922
15-05-2014,2014,5,Thursday,2.339999914,2.019999981,3,19.29999924,7,0,1,2,36.65999913
16-05-2014,2014,5,Friday,5.340000153,7,3,22,10,1,11,1,60.34000015
17-05-2014,2014,5,Saturday,2.339999914,7.679999828,3,35,14,1,0,2,65.01999974
18-05-2014,2014,5,Sunday,3.339999914,2,5,9.399999619,6,0,0,1,26.73999953
19-05-2014,2014,5,Monday,8.340000153,3.839999914,6.099999905,12.80000019,5,0,3,9,48.08000016
20-05-2014,2014,5,Tuesday,1,2.375,7,27,10,1,0,3.599999905,51.9749999
21-05-2014,2014,5,Wednesday,2,4.679999828,9.5,15.39999962,6,1,0,3,41.57999945
22-05-2014,2014,5,Thursday,3.680000067,1.330000043,1.200000048,8,8,0,2,4,28.21000016
23-05-2014,2014,5,Friday,5,2.339999914,3.900000095,17.5,8,2,10,7,55.74000001
24-05-2014,2014,5,Saturday,3,4.712999821,5,28,11,1,0,9,61.71299982
25-05-2014,2014,5,Sunday,2,3,1,7,8,0,5,1,27
26-05-2014,2014,5,Monday,2.680000067,3.339999914,7.400000095,18,7,1,0,5,44.42000008
27-05-2014,2014,5,Tuesday,0,2.339999914,5,28.60000038,12,1,1,6,55.9400003
28-05-2014,2014,5,Wednesday,1.340000033,5.019999981,1.399999976,10.27999973,9,0,2,5.099999905,34.13999963
29-05-2014,2014,5,Thursday,4,5.340000153,6.300000191,27,13,0,0,2,57.64000034
30-05-2014,2014,5,Friday,3.019999981,2.019999981,2,21.5,14,0,0,5,47.53999996
31-05-2014,2014,5,Saturday,5.670000076,3.339999914,2,28,10,0,15,2,66.00999999
01-06-2014,2014,6,Sunday,1,0.680000007,1,10,4,1,1,3,21.68000001
02-06-2014,2014,6,Monday,4,4.340000153,10,23.29999924,16,3,0,3,63.63999939
03-06-2014,2014,6,Tuesday,3,2,2.400000095,24,7,2,5,3,48.4000001
04-06-2014,2014,6,Wednesday,1,4.679999828,3.5,24,6,0,1,2.5,42.67999983
05-06-2014,2014,6,Thursday,0.340000004,4.679999828,4.5,22.5,4,0,0,5,41.01999983
06-06-2014,2014,6,Friday,5,1.679999948,3,16.625,15,2,1,5,49.30499995
07-06-2014,2014,6,Saturday,9,3.680000067,7.5,33,8,1,6,7,75.18000007
08-06-2014,2014,6,Sunday,1,2,3,11,8,0,6,2,33
09-06-2014,2014,6,Monday,6.329999924,1.340000033,5,18,17,4,0,11,62.66999996
10-06-2014,2014,6,Tuesday,8.680000305,2.680000067,4.300000191,23,16,2,2,6.5,65.16000056
11-06-2014,2014,6,Wednesday,4.340000153,0.680000007,2.299999952,12.5,16,2,12,9,58.82000011
12-06-2014,2014,6,Thursday,4.340000153,3,1,15.80000019,12,0,2,3,41.14000034
13-06-2014,2014,6,Friday,1,2.680000067,5,10,11,0,3,1,33.68000007
14-06-2014,2014,6,Saturday,4,5.019999981,6,8,10,0,1,3,37.01999998
15-06-2014,2014,6,Sunday,0.340000004,2,0,8,5,0,0,3.299999952,18.63999996
16-06-2014,2014,6,Monday,4.340000153,4.340000153,7.400000095,12.19999981,11,0,5,5,49.28000021
17-06-2014,2014,6,Tuesday,5,2.339999914,4,14,12,2,0,3,42.33999991
18-06-2014,2014,6,Wednesday,2,2,4.699999809,18,6,0,1,3,36.69999981
19-06-2014,2014,6,Thursday,3,3.329999924,1,14,8,0,0,1,30.32999992
20-06-2014,2014,6,Friday,7.340000153,2.019999981,3,14.5,9,0,3,6,44.86000013
21-06-2014,2014,6,Saturday,6,5.679999828,2,16,12,3,0,3,47.67999983
22-06-2014,2014,6,Sunday,4,1.019999981,4,18,8,0,2,3,40.01999998
23-06-2014,2014,6,Monday,2.339999914,7.679999828,3,25.20000076,12,0,2,3,55.22000051
24-06-2014,2014,6,Tuesday,3,5.139999866,4,16.20000076,23,0,2,4,57.34000063
25-06-2014,2014,6,Wednesday,8,5.340000153,7,33.79999924,19,0,0,1,74.13999939
26-06-2014,2014,6,Thursday,3,2,11.30000019,19.29999924,14,0,0,1,50.59999943
27-06-2014,2014,6,Friday,4.340000153,1,6,32.29999924,13,0,1,3,60.63999939
28-06-2014,2014,6,Saturday,0.340000004,5.340000153,5,20,14,1,1,5,51.68000016
29-06-2014,2014,6,Sunday,0,1,1,10,1,0,0,1,14
30-06-2014,2014,6,Monday,6,5.340000153,1,25,6,0,0,0,43.34000015
01-07-2014,2014,7,Tuesday,4.340000153,2.339999914,2,19,10,0,0,2,39.68000007
02-07-2014,2014,7,Wednesday,3,0.340000004,4,21.60000038,7,0,6,3,44.94000039
03-07-2014,2014,7,Thursday,2.329999924,5.679999828,7,12.5,7,2,0,2,38.50999975
04-07-2014,2014,7,Friday,4.340000153,4.699999809,7,10.5,14,0,2,3,45.53999996
05-07-2014,2014,7,Saturday,3.339999914,4.340000153,6,37,11,1,0,0,62.68000007
06-07-2014,2014,7,Sunday,4,2,3,10.19999981,9,0,0,0,28.19999981
07-07-2014,2014,7,Monday,2,3.339999914,4,13,11,0,0,4,37.33999991
08-07-2014,2014,7,Tuesday,6.340000153,2.339999914,3,14,3,0,5,1,34.68000007
09-07-2014,2014,7,Wednesday,3,6.340000153,5,13,6,4,0,2.200000048,39.5400002
10-07-2014,2014,7,Thursday,2.329999924,4.659999847,8,21.20000076,32,0,5,4,77.19000053
11-07-2014,2014,7,Friday,2,1.679999948,3.200000048,16.5,17,0,5,1,46.38
12-07-2014,2014,7,Saturday,8.340000153,2.680000067,10.5,28.10000038,12,3,12,4,80.6200006
13-07-2014,2014,7,Sunday,2,1.340000033,1,17,2,0,0,0,23.34000003
14-07-2014,2014,7,Monday,5,3.039999962,3,11.80000019,19,1,2,2,46.84000015
15-07-2014,2014,7,Tuesday,3.339999914,1.679999948,1,15.60000038,18,0,0,1.299999952,40.9200002
16-07-2014,2014,7,Wednesday,4,3.339999914,3,13,12,1,4,0,40.33999991
17-07-2014,2014,7,Thursday,2,3,5,25,14,1,0,1,51
18-07-2014,2014,7,Friday,9,2.339999914,1.5,14.19999981,6,3,0,4,40.03999972
19-07-2014,2014,7,Saturday,7.329999924,7.019999981,6,8.399999619,10,0,6,6,50.74999952
20-07-2014,2014,7,Sunday,3,0.340000004,1,8,5,0,0,0.100000001,17.44000001
21-07-2014,2014,7,Monday,3,4.679999828,8,20,13,1,0,2,51.67999983
22-07-2014,2014,7,Tuesday,5,5.679999828,3,9,7,0,1,2,32.67999983
23-07-2014,2014,7,Wednesday,2.670000076,6.369999886,2,8,19,0,0,3,41.03999996
24-07-2014,2014,7,Thursday,5.340000153,2,4.400000095,23,5,0,0,2,41.74000025
25-07-2014,2014,7,Friday,5,2.019999981,7.5,10,15,1,1,2,43.51999998
26-07-2014,2014,7,Saturday,4,6.679999828,6.199999809,36.20000076,13,0,0,4,70.0800004
27-07-2014,2014,7,Sunday,3,1.340000033,2,10,5,0,6,1,28.34000003
28-07-2014,2014,7,Monday,2,1.340000033,2,9.100000381,9,0,0,2,25.44000041
29-07-2014,2014,7,Tuesday,2.339999914,0.680000007,1,13,15,3,0,5,40.01999992
30-07-2014,2014,7,Wednesday,0.680000007,1.340000033,5,13.5,14,0,6,4.5,45.02000004
31-07-2014,2014,7,Thursday,3,0.340000004,4,10.5,8,0,0,1,26.84
01-08-2014,2014,8,Friday,2,1,2.200000048,14,17,1,0,1,38.20000005
02-08-2014,2014,8,Saturday,5,2.00999999,6,29,12,0,5,3,62.00999999
03-08-2014,2014,8,Sunday,5,1,3,6,5,5,0,0,25
04-08-2014,2014,8,Monday,4,5.019999981,6,21.5,14,0,0,4,54.51999998
05-08-2014,2014,8,Tuesday,2,1.340000033,3,17.10000038,9,0,0,0,32.44000041
06-08-2014,2014,8,Wednesday,6,5,1.399999976,17,7,1,1,1,39.39999998
07-08-2014,2014,8,Thursday,3.339999914,2.680000067,3,33,13,1,0,2,58.01999998
08-08-2014,2014,8,Friday,5.019999981,4.019999981,5,13,12,3,2,2,46.03999996
09-08-2014,2014,8,Saturday,4,1.340000033,6,19,24,3,0,5.900000095,63.24000013
10-08-2014,2014,8,Sunday,4,0.340000004,4,3,4,0,0,2,17.34
11-08-2014,2014,8,Monday,8,5.360000134,9.199999809,20,18,0,0,2,62.55999994
12-08-2014,2014,8,Tuesday,0,1.360000014,4.5,10,8,1,0,4.599999905,29.45999992
13-08-2014,2014,8,Wednesday,1.340000033,3.339999914,1,20.29999924,11,0,0,7,43.97999918
14-08-2014,2014,8,Thursday,4,2.339999914,6,14.39999962,13,0,0,6,45.73999953
15-08-2014,2014,8,Friday,4.340000153,4.019999981,7,13.19999981,15,2,3,2,50.55999994
16-08-2014,2014,8,Saturday,8,2.430000067,5,19,27,2,0,1,64.43000007
17-08-2014,2014,8,Sunday,0.340000004,0.680000007,2,6.5,7,0,0,1,17.52000001
18-08-2014,2014,8,Monday,4.340000153,6,3.099999905,16.5,21,3,10,2,65.94000006
19-08-2014,2014,8,Tuesday,11.34000015,6.349999905,5,16.10000038,13,1,3,1.100000024,56.89000046
20-08-2014,2014,8,Wednesday,5.340000153,5.340000153,1.399999976,9,10,2,0,1,34.08000028
21-08-2014,2014,8,Thursday,3,1,2,18,16,1,0,2.200000048,43.20000005
22-08-2014,2014,8,Friday,6.340000153,1.340000033,5,19,15,0,0,1,47.68000019
23-08-2014,2014,8,Saturday,3,3.019999981,1,25.60000038,5,0,0,4,41.62000036
24-08-2014,2014,8,Sunday,3,2.174999952,3,7,12,0,1,0,28.17499995
25-08-2014,2014,8,Monday,4.010000229,3.174999952,3,21.20000076,21,0,0,0,52.38500094
26-08-2014,2014,8,Tuesday,2.339999914,5.340000153,3,31,14,1,1,3,60.68000007
27-08-2014,2014,8,Wednesday,3.339999914,8.020000458,4,21,14,0,0,3,53.36000037
28-08-2014,2014,8,Thursday,2.339999914,5.360000134,6,32.66999817,19,0,4,0,69.36999822
29-08-2014,2014,8,Friday,6.340000153,3.680000067,5,26.28000069,18,1,0,3,63.30000091
30-08-2014,2014,8,Saturday,3.680000067,3.019999981,7,13,13,1,0,4,44.70000005
31-08-2014,2014,8,Sunday,0,2.680000067,1,15,13,0,7,2,40.68000007
01-09-2014,2014,9,Monday,3.339999914,1.715000033,1,15.5,15,0,0,5.5,42.05499995
02-09-2014,2014,9,Tuesday,2.339999914,4.679999828,5.199999809,20.13999939,7,0,2,3,44.35999894
03-09-2014,2014,9,Wednesday,7,6.340000153,4,22.18000031,12,0,2,3,56.52000046
04-09-2014,2014,9,Thursday,5.679999828,5.340000153,3,17.60000038,21,1,0,1,54.62000036
05-09-2014,2014,9,Friday,4,0.778999984,3,15.60000038,15,2,0,2,42.37900037
06-09-2014,2014,9,Saturday,5.340000153,5,2.400000095,15.69999981,30,2,5,3.099999905,68.53999996
07-09-2014,2014,9,Sunday,2,5.514999866,5,7,9,0,0,1,29.51499987
08-09-2014,2014,9,Monday,1,5.360000134,3.5,20.79999924,15,0,1,4,50.65999937
09-09-2014,2014,9,Tuesday,6.340000153,2.339999914,4,29.20000076,17,0,2,1.200000048,62.08000088
10-09-2014,2014,9,Wednesday,4.340000153,3.339999914,3.5,37.79999924,12,0,0,1,61.9799993
11-09-2014,2014,9,Thursday,0,1.340000033,4,32.20000076,15,0,10,0,62.5400008
12-09-2014,2014,9,Friday,2.680000067,2.670000076,1,20,19,0,8,1,54.35000014
13-09-2014,2014,9,Saturday,3,5.360000134,4.400000095,56.84999847,20,0,1,3,93.6099987
14-09-2014,2014,9,Sunday,1.340000033,2,2,19.5,6,0,6,0,36.84000003
15-09-2014,2014,9,Monday,1.340000033,3,5.400000095,28.20000076,9,0,1,0,47.94000089
16-09-2014,2014,9,Tuesday,4,2.680000067,0,59.29999924,13,0,0,0,78.9799993
17-09-2014,2014,9,Wednesday,2.339999914,6,4,39.59999847,11,2,19,4,87.93999839
18-09-2014,2014,9,Thursday,3,2.019999981,1,44,7,0,0,1,58.01999998
19-09-2014,2014,9,Friday,2,4.340000153,7.800000191,23,8,0,22,0,67.14000034
20-09-2014,2014,9,Saturday,4.340000153,1.855000019,4.5,20.60000038,14,1,2,0,48.29500055
21-09-2014,2014,9,Sunday,1,3.019999981,6,12.39999962,7,0,0,3,32.4199996
22-09-2014,2014,9,Monday,3.339999914,4,5.5,34.20000076,10,1,0,2,60.04000068
23-09-2014,2014,9,Tuesday,3,3.339999914,5.5,26,10,0,1,2,50.83999991
24-09-2014,2014,9,Wednesday,6,3.339999914,1.399999976,24.70000076,14,0,0,0,49.44000065
25-09-2014,2014,9,Thursday,4.679999828,6.340000153,8.199999809,49.15000153,15,1,1,5,90.37000132
26-09-2014,2014,9,Friday,4,3.680000067,3.5,38,22,2,0,1,74.18000007
27-09-2014,2014,9,Saturday,4,2,6,46.29999924,18,0,0,4,80.29999924
28-09-2014,2014,9,Sunday,0.340000004,2.680000067,1,21.20000076,6,0,0,2,33.22000083
29-09-2014,2014,9,Monday,7,3.680000067,2.299999952,29.79999924,12,0,10,4,68.77999926
30-09-2014,2014,9,Tuesday,10,5.340000153,4,61.29999924,10,2,22,2,116.6399994
01-10-2014,2014,10,Wednesday,2.339999914,0,2.400000095,44,15,0,11,2,76.74000001
02-10-2014,2014,10,Thursday,2,4.989999771,5,23.89999962,11,0,2,1,49.88999939
03-10-2014,2014,10,Friday,4.329999924,1.340000033,5.900000095,44.13999939,12,0,11,2,80.70999944
04-10-2014,2014,10,Saturday,4.679999828,7.765999794,8,49.90000153,12,1,25,0,108.3460011
05-10-2014,2014,10,Sunday,2,3.339999914,3,19,1,0,0,3,31.33999991
06-10-2014,2014,10,Monday,5.340000153,1.36500001,2.400000095,69.875,13,1,0,1,93.98000026
07-10-2014,2014,10,Tuesday,3,4.340000153,2.200000048,41.70000076,17,1,5,0,74.24000096
08-10-2014,2014,10,Wednesday,3.680000067,6,7,50,17,0,0,2,85.68000007
09-10-2014,2014,10,Thursday,1,4.690000057,6,48.20000076,10,2,5,0,76.89000082
10-10-2014,2014,10,Friday,4.340000153,2.680000067,9,28.79999924,24,3,6,0.5,78.31999946
11-10-2014,2014,10,Saturday,3.339999914,3.680000067,5,35.90000153,15,0,0,5,67.92000151
12-10-2014,2014,10,Sunday,3,0.330000013,1.5,22.5,7,0,5,2,41.33000001
13-10-2014,2014,10,Monday,1.679999948,4,6.199999809,31.89999962,11,0,1,2,57.77999938
14-10-2014,2014,10,Tuesday,3,5.409999847,4.800000191,31.79999924,7,0,11,0,63.00999928
15-10-2014,2014,10,Wednesday,1.330000043,6.349999905,3.5,23.70000076,14,1,2,4,55.88000071
16-10-2014,2014,10,Thursday,6.775000095,3.510312557,2.9375,58.921875,9.0625,0.625,5,2.1875,89.01968765
17-10-2014,2014,10,Friday,3,2.339999914,3.400000095,42,22,3,0,2,77.74000001
18-10-2014,2014,10,Saturday,4,6,5.5,21.39999962,24,0,3,2,65.89999962
19-10-2014,2014,10,Sunday,3.329999924,3,2,13.89999962,9,0,6,1,38.22999954
20-10-2014,2014,10,Monday,3.339999914,5.659999847,7.300000191,35.40000153,25,2,0,1,79.70000148
21-10-2014,2014,10,Tuesday,2.339999914,4.340000153,6.400000095,14.30000019,11,0,20,1,59.38000035
22-10-2014,2014,10,Wednesday,3.329999924,2,2.599999905,20.89999962,7,0,2,1,38.82999945
23-10-2014,2014,10,Thursday,1.340000033,4.329999924,0,32.20000076,7,1,0,0,45.87000072
24-10-2014,2014,10,Friday,3.670000076,2.670000076,6.300000191,49.40000153,18,0,5,1,86.04000187
25-10-2014,2014,10,Saturday,2.329999924,5.139999866,1,31,21,0,2,5,67.46999979
26-10-2014,2014,10,Sunday,3.339999914,1,1.600000024,30.39999962,6,0,1,1,44.33999956
27-10-2014,2014,10,Monday,8.340000153,4.550000191,4,25.29999924,17,1,3,0,63.18999958
28-10-2014,2014,10,Tuesday,4,3.480000019,10,40.40000153,23,0,0,2,82.88000154
29-10-2014,2014,10,Wednesday,5,1,6.599999905,41,20,2,27,1,103.5999999
30-10-2014,2014,10,Thursday,0,1,5,20.29999924,11,1,2,0,40.29999924
31-10-2014,2014,10,Friday,2,2.450000048,4,31,16,0,0,2,57.45000005
01-11-2014,2014,11,Saturday,2.329999924,2.339999914,3.5,43.79999924,22,0,7,1,81.96999907
02-11-2014,2014,11,Sunday,4,0,1,2,3.5,0,0,1,11.5
03-11-2014,2014,11,Monday,7,4.329999924,1,27.79999924,19,0,5,1,65.12999916
04-11-2014,2014,11,Tuesday,6.329999924,1,5.199999809,26.5,15,0,0,1,55.02999973
05-11-2014,2014,11,Wednesday,0,1.679999948,4,27,19,3,1,0,55.67999995
06-11-2014,2014,11,Thursday,6,2.339999914,5.199999809,23.39999962,23,1,0,0,60.93999934
07-11-2014,2014,11,Friday,6,10.34000015,5.5,15.80000019,32,1,0,1,71.64000034
08-11-2014,2014,11,Saturday,12,7.019999981,6,34.40000153,24,0,17,2.200000048,102.6200016
09-11-2014,2014,11,Sunday,3.339999914,4.340000153,2.900000095,23,20,0,2,1,56.58000016
10-11-2014,2014,11,Monday,1,5.320000172,3.299999952,24.29999924,13,0,7,1,54.91999936
11-11-2014,2014,11,Tuesday,8,4,2,23,18,0,8,2,65
12-11-2014,2014,11,Wednesday,3,5,4,25,16,0,3,0,56
13-11-2014,2014,11,Thursday,8,2,5,33.20000076,10,0,0,2.200000048,60.40000081
14-11-2014,2014,11,Friday,5.340000153,0,6,29.39999962,20,1,2,3,66.73999977
15-11-2014,2014,11,Saturday,4.329999924,5.340000153,5,23.60000038,20,2,2,2,64.27000046
16-11-2014,2014,11,Sunday,2,2.680000067,6,18.60000038,13,1,0,0,43.28000045
17-11-2014,2014,11,Monday,9,5.010000229,5.5,23,23,1,10,0.200000003,76.71000023
18-11-2014,2014,11,Tuesday,2.670000076,2,5,19.29999924,10.5,1,0,1,41.46999931
19-11-2014,2014,11,Wednesday,1.340000033,3.670000076,10,32,17,0,10,4,78.01000011
20-11-2014,2014,11,Thursday,4,7,5,18.79999924,13,0,8,0,55.79999924
21-11-2014,2014,11,Friday,1.340000033,1.340000033,3,22.39999962,16,0,2,1,47.07999969
22-11-2014,2014,11,Saturday,6,2.339999914,3,23.70000076,15,1,8,1.399999976,60.44000065
23-11-2014,2014,11,Sunday,4,3.680000067,6,22.29999924,11,0,0,1.100000024,48.07999933
24-11-2014,2014,11,Monday,4,3,6,30.60000038,19,1,1,2.099999905,66.70000029
25-11-2014,2014,11,Tuesday,5.360000134,1.679999948,2,19.20000076,18,0,2,3,51.24000084
26-11-2014,2014,11,Wednesday,3,5,6,21,13,3,11,2,64
27-11-2014,2014,11,Thursday,7,3.670000076,2.299999952,21.20000076,9,1,4,3,51.17000079
28-11-2014,2014,11,Friday,3.019999981,1.399999976,15,15.89999962,12,1,2,1,51.31999958
29-11-2014,2014,11,Saturday,3,2.00999999,3.299999952,31,16,0,0,5,60.30999994
30-11-2014,2014,11,Sunday,5.679999828,1.330000043,5,22.60000038,9,1,0,2,46.61000025
01-12-2014,2014,12,Monday,4.340000153,4.010000229,0,36.40000153,19,0,2,2,67.75000191
02-12-2014,2014,12,Tuesday,6.989999771,4.329999924,3.700000048,7.800000191,26,0,4,1,53.81999993
03-12-2014,2014,12,Wednesday,4,3.329999924,5,16.60000038,23,2,13,3.200000048,70.13000035
04-12-2014,2014,12,Thursday,3,4.340000153,3.599999905,28.70000076,16,1,1,0,57.64000082
05-12-2014,2014,12,Friday,2.019999981,5.679999828,1,28.10000038,15,1,1,2.200000048,56.00000024
06-12-2014,2014,12,Saturday,3.339999914,3.680000067,1,12.39999962,9,0,7,1,37.4199996
07-12-2014,2014,12,Sunday,5,4.910999775,4,45.70000076,6,0,12,0,77.61100054
08-12-2014,2014,12,Monday,1,3.329999924,2,20.29999924,9,0,0,0,35.62999916
09-12-2014,2014,12,Tuesday,1,2.339999914,7,27.28000069,12,1,0,2,52.6200006
10-12-2014,2014,12,Wednesday,3.339999914,3,2,51.20000076,28,3,6,0,96.54000068
11-12-2014,2014,12,Thursday,2.339999914,5.329999924,7,16.29999924,21,2,0,0,53.96999907
12-12-2014,2014,12,Friday,6.340000153,2.339999914,5.599999905,41.40000153,18,0,2,0,75.6800015
13-12-2014,2014,12,Saturday,1,3.339999914,2.400000095,25.10000038,11,1,7,0,50.84000039
14-12-2014,2014,12,Sunday,10,2.339999914,4.400000095,40,10,0,6,1,73.74000001
15-12-2014,2014,12,Monday,5.340000153,4.019999981,7.639999866,42.20000076,14,1,9,1,84.20000076
16-12-2014,2014,12,Tuesday,6.340000153,1.340000033,6.199999809,23,23,3,4,1,67.88
17-12-2014,2014,12,Wednesday,3,3.670000076,3.5,28,17,2,8,0,65.17000008
18-12-2014,2014,12,Thursday,5,3.670000076,3,26.60000038,9,0,0,0,47.27000046
19-12-2014,2014,12,Friday,0,0,0,0,0,0,0,0,0
20-12-2014,2014,12,Saturday,1,3.660000086,2,31.29999924,9,0,0,3,49.95999932
21-12-2014,2014,12,Sunday,4.329999924,4.329999924,2,52.5,6,0,10,1,80.15999985
22-12-2014,2014,12,Monday,3.339999914,4.679999828,2.28399992,19.60000038,43,1,13,4,90.90400004
23-12-2014,2014,12,Tuesday,10.5,3,4.599999905,40.40000153,13,2,15,0,88.50000143
24-12-2014,2014,12,Wednesday,1,3,1,41.59999847,16,0,2,2,66.59999847
25-12-2014,2014,12,Thursday,8.340000153,2,9.5,31,16,0,2,2,70.84000015
26-12-2014,2014,12,Friday,3.329999924,4.010000229,3,30.70000076,25,1,0,0,67.04000092
27-12-2014,2014,12,Saturday,7.329999924,5.340000153,4.400000095,39,26,0,9,3,94.07000017
28-12-2014,2014,12,Sunday,2.339999914,10.76000023,3,80.40000153,15,0,13,1,125.5000017
29-12-2014,2014,12,Monday,2.329999924,3.660000086,4,40,5,1,2,0,57.99000001
30-12-2014,2014,12,Tuesday,9,5.630000114,3.799999952,51,18,0,5,2,94.43000007
31-12-2014,2014,12,Wednesday,5.670000076,6.329999924,2.5,41.08000183,14,3,10,1,83.58000183
01-01-2015,2015,1,Thursday,0,0,0,0,0,0,0,0,0
02-01-2015,2015,1,Friday,6,5.329999924,4.900000095,50.79999924,13,0,0,2,82.02999926
03-01-2015,2015,1,Saturday,9,4.670000076,6,57.24000168,11,3,0,4,94.91000175
04-01-2015,2015,1,Sunday,4.679999828,8.920000076,3.5,60.09999847,4,0,2,1,84.19999838
05-01-2015,2015,1,Monday,2.339999914,3.319999933,1,33.59999847,14,0,16,3,73.25999832
06-01-2015,2015,1,Tuesday,3,9.369999886,7.300000191,42,13,0,3,0,77.67000008
07-01-2015,2015,1,Wednesday,0,0,0,0,0,0,0,0,0
08-01-2015,2015,1,Thursday,2,7.077000141,1.200000048,46.40000153,13,1,1,2,73.67700171
09-01-2015,2015,1,Friday,3,4.340000153,9.399999619,36.20000076,33,2,7,2,96.94000053
10-01-2015,2015,1,Saturday,6,5.863999844,7,32.59999847,14,3,1,1,70.46399832
11-01-2015,2015,1,Sunday,3,7.340000153,7,43.59999847,11,1,11,2,85.93999863
12-01-2015,2015,1,Monday,2.329999924,3.339999914,7.5,36.59999847,18,0,6,1,74.76999831
13-01-2015,2015,1,Tuesday,10.34000015,4.659999847,10,34,14,2,4,2,81
14-01-2015,2015,1,Wednesday,3,3.339999914,5,23,20,0,1,0,55.33999991
15-01-2015,2015,1,Thursday,6.670000076,3,1,55.25,13,0,15,2,95.92000008
16-01-2015,2015,1,Friday,6.329999924,5.989999771,3.799999952,43,16,2,6,2,85.11999965
17-01-2015,2015,1,Saturday,6.679999828,5.679999828,7,19.20000076,18,0,0,0,56.56000042
18-01-2015,2015,1,Sunday,4,4.340000153,4.5,20.39999962,16,0,0,2,51.23999977
19-01-2015,2015,1,Monday,5.340000153,2.680000067,1.100000024,32,12,0,20,2,75.12000024
20-01-2015,2015,1,Tuesday,4.340000153,0.330000013,6,38,24,1,4,1,78.67000017
21-01-2015,2015,1,Wednesday,4,1,2,37.45000076,17,1,0,1,63.45000076
22-01-2015,2015,1,Thursday,4,1.340000033,4,21.39999962,19,0,0,1,50.73999965
23-01-2015,2015,1,Friday,3.670000076,4.728000164,8,30,14,0,7,2,69.39800024
24-01-2015,2015,1,Saturday,4.340000153,3.329999924,9.199999809,49.70000076,31,0,22,1,120.5700006
25-01-2015,2015,1,Sunday,4,1.129999995,1.899999976,38,11,1,5,0,62.02999997
26-01-2015,2015,1,Monday,8.5,4.670000076,4,34.40000153,15,0,13,0,79.5700016
27-01-2015,2015,1,Tuesday,2.670000076,6.329999924,1,20,14,0,0,0,44
28-01-2015,2015,1,Wednesday,3,5.340000153,3,32,18,3,5,3,72.34000015
29-01-2015,2015,1,Thursday,4.340000153,5.710000038,8.699999809,24.39999962,16,3,11,3,76.14999962
30-01-2015,2015,1,Friday,1,1.067999959,1,20.5,19,1,0,0,43.56799996
31-01-2015,2015,1,Saturday,8.340000153,6.111999989,5,32.40000153,12,0,11,2,76.85200167
01-02-2015,2015,2,Sunday,4.340000153,7.349999905,7,35.59999847,7,1,0,1,63.28999853
02-02-2015,2015,2,Monday,6,4,5.099999905,20.89999962,14,0,3,2,54.99999952
03-02-2015,2015,2,Tuesday,3.329999924,3,6.199999809,24.20000076,18,0,6,5,65.7300005
04-02-2015,2015,2,Wednesday,2.339999914,2.670000076,2.400000095,38.79999924,6,0,12,0,64.20999932
05-02-2015,2015,2,Thursday,2,5.570000172,3,24.85000038,12,0,2,1,50.42000055
06-02-2015,2015,2,Friday,3.329999924,3.329999924,7.300000191,23,7,1,13,1,58.96000004
07-02-2015,2015,2,Saturday,2,5,1.899999976,33.59999847,9,0,0,2,53.49999845
08-02-2015,2015,2,Sunday,1.340000033,7.758999825,5.699999809,29.89999962,8,0,0,0,52.69899929
09-02-2015,2015,2,Monday,3.329999924,3.539999962,9.600000381,20.70000076,8,1,0,1,47.17000103
10-02-2015,2015,2,Tuesday,3.660000086,8.670000076,7,33,11,0,6,3,72.33000016
11-02-2015,2015,2,Wednesday,3,5.139999866,3.599999905,48.5,16,0,20,2,98.23999977
12-02-2015,2015,2,Thursday,3,4,6,23.81999969,11,1,5,0,53.81999969
13-02-2015,2015,2,Friday,6.010000229,4.230000019,7,29.60000038,11,1,22,1,81.84000063
14-02-2015,2015,2,Saturday,4.329999924,1.735999942,6.699999809,29.20000076,13,1,5,4,64.96600044
15-02-2015,2015,2,Sunday,11.68000031,2.329999924,4.300000191,38,7,0,7,2,72.31000042
16-02-2015,2015,2,Monday,3.00999999,3.75,4,40.09999847,4,0,10,0,64.85999846
17-02-2015,2015,2,Tuesday,5.329999924,8.69299984,4,36.20000076,3,0,6,1,64.22300053
18-02-2015,2015,2,Wednesday,1,2.660000086,1.330000043,36.2120018,4,0,11,0,56.20200193
19-02-2015,2015,2,Thursday,2,3.332000017,4,36.70000076,2,2,6,3,59.03200078
20-02-2015,2015,2,Friday,5.329999924,4.659999847,0.5,27,5,0,25,6,73.48999977
21-02-2015,2015,2,Saturday,3,5.347000122,4.800000191,57,9,0,0,3,82.14700031
22-02-2015,2015,2,Sunday,2,4.340000153,2,50.59999847,7,0,11,1,77.93999863
23-02-2015,2015,2,Monday,5,3.160000086,7.5,55.40000153,9,0,20,0,100.0600016
24-02-2015,2015,2,Tuesday,3.680000067,3.339999914,6.199999809,22.06999969,11,0,11,2,59.28999949
25-02-2015,2015,2,Wednesday,7,6.329999924,6.099999905,24,8,0,2,2,55.42999983
26-02-2015,2015,2,Thursday,6,2,2,36.70000076,13,0,1,1,61.70000076
27-02-2015,2015,2,Friday,6.329999924,4.47300005,5,51,1,1,0,0,68.80299997
28-02-2015,2015,2,Saturday,6.340000153,3.329999924,1.600000024,26.60000038,9,0,4,3,53.87000048
01-03-2015,2015,3,Sunday,9,7.893000126,2.700000048,25.89999962,3,4,0,4,56.49299979
02-03-2015,2015,3,Monday,6.670000076,4.679999828,3.5,40.70000076,6,1,2,3,67.55000067
03-03-2015,2015,3,Tuesday,8,6.03000021,4.5,45.59999847,14,0,1,4,83.12999868
04-03-2015,2015,3,Wednesday,9.680000305,5.670000076,3.299999952,46.84999847,4,0,11,1,81.49999881
05-03-2015,2015,3,Thursday,6,2.329999924,3,35,2,0,0,0,48.32999992
06-03-2015,2015,3,Friday,2,2.670000076,6,19.79999924,4,0,1,1,36.46999931
07-03-2015,2015,3,Saturday,3.329999924,1,1,2,0,0,0,0,7.329999924
08-03-2015,2015,3,Sunday,6,3.397000074,2.400000095,55.40000153,9,0,2,1,79.1970017
09-03-2015,2015,3,Monday,2,3,5,32.70000076,10,0,1,1,54.70000076
10-03-2015,2015,3,Tuesday,1.340000033,3.660000086,5,40.40000153,6,0,6,3,65.40000165
11-03-2015,2015,3,Wednesday,11,5,3.200000048,32,9,0,4,0,64.20000005
12-03-2015,2015,3,Thursday,2.680000067,6.387000084,6.099999905,19,5,0,2,3,44.16700006
13-03-2015,2015,3,Friday,4,3.329999924,6.699999809,63.40000153,11,2,1,0,91.43000126
14-03-2015,2015,3,Saturday,2.660000086,4.329999924,4,39.09999847,9,0,9,3,71.08999848
15-03-2015,2015,3,Sunday,3.339999914,4.159999847,3,41,3,0,12,3,69.49999976
16-03-2015,2015,3,Monday,8,3.00999999,4.900000095,46.79999924,8,0,0,1,71.70999932
17-03-2015,2015,3,Tuesday,5,3,4.599999905,28.79999924,9,1,2,0,53.39999914
18-03-2015,2015,3,Wednesday,7.329999924,2,5.300000191,24.39999962,5,0,20,2,66.02999973
19-03-2015,2015,3,Thursday,2,2.329999924,1.5,31,7,0,15,0,58.82999992
20-03-2015,2015,3,Friday,1,7,3,38.59999847,13,1,5,1,69.59999847
21-03-2015,2015,3,Saturday,10.32999992,3.339999914,3,41.59999847,4,0,6,2,70.26999831
22-03-2015,2015,3,Sunday,8.340000153,6.670000076,2,43.20000076,9,0,10,0,79.21000099
23-03-2015,2015,3,Monday,2,4.340000153,7,28,5,0,0,2,48.34000015
24-03-2015,2015,3,Tuesday,4,5.472000122,5.199999809,22.39999962,8,2,9,4,60.07199955
25-03-2015,2015,3,Wednesday,3.680000067,8.659999847,6.400000095,17.60000038,10,2,13,1,62.34000039
26-03-2015,2015,3,Thursday,5,1.746999979,3,51.40000153,10,0,6,5,82.1470015
27-03-2015,2015,3,Friday,3,2.670000076,2,27,3,0,22,1,60.67000008
28-03-2015,2015,3,Saturday,1.330000043,3.055999994,3,50.5,6,0,0,2,65.88600004
29-03-2015,2015,3,Sunday,6,5.727000237,2.299999952,35.5,7,0,8,2,66.52700019
30-03-2015,2015,3,Monday,6.329999924,4.827000141,10,25.70000076,4,0,0,0,50.85700083
31-03-2015,2015,3,Tuesday,5,2,11.19999981,33.5,5,0,2,4,62.69999981
01-04-2015,2015,4,Wednesday,6.340000153,1.330000043,1,24.79999924,7,2,5,1,48.46999943
02-04-2015,2015,4,Thursday,5,3.99000001,5.400000095,35.06999969,3,0,3,5,60.4599998
03-04-2015,2015,4,Friday,5.329999924,2.319999933,4,34.20000076,12,0,0,4,61.85000062
04-04-2015,2015,4,Saturday,3.670000076,4.329999924,6,43,7,1,5,6,76
05-04-2015,2015,4,Sunday,3.339999914,5.010000229,4.5,31.60000038,4,0,0,1,49.45000052
06-04-2015,2015,4,Monday,7.329999924,3.329999924,5.300000191,32.90000153,4,0,3,2,57.86000156
07-04-2015,2015,4,Tuesday,6,3.660000086,6.699999809,25,8,0,8,1,58.3599999
08-04-2015,2015,4,Wednesday,4,2.329999924,3,18,11,0,10,4,52.32999992
09-04-2015,2015,4,Thursday,1.330000043,6,8,22.20000076,8,0,6,1,52.53000081
10-04-2015,2015,4,Friday,9.840000153,6.505000114,4,65.59999847,5,2,8,5,105.9449987
11-04-2015,2015,4,Saturday,11.68000031,3,3.400000095,26,9,0,5,6,64.0800004
12-04-2015,2015,4,Sunday,0,0,0,0,0,0,0,0,0
13-04-2015,2015,4,Monday,6.670000076,1.340000033,7,25.20000076,5,0,3,7,55.21000087
14-04-2015,2015,4,Tuesday,4.659999847,6.010000229,7,41.79999924,5,0,5,2,71.46999931
15-04-2015,2015,4,Wednesday,2,2.329999924,3,29.25,15,0,0,2,53.57999992
16-04-2015,2015,4,Thursday,2.339999914,1,7.199999809,30.60000038,7,0,9,4,61.1400001
17-04-2015,2015,4,Friday,9.329999924,3.660000086,3,29.64999962,6,0,1,5,57.63999963
18-04-2015,2015,4,Saturday,7.329999924,3,1,31.29999924,1,0,1,4,48.62999916
19-04-2015,2015,4,Sunday,9.319999695,5.527999878,3.799999952,36.5,3,0,0,2,60.14799953
20-04-2015,2015,4,Monday,3,5.043000221,3.700000048,38,13,0,1,3,66.74300027
21-04-2015,2015,4,Tuesday,6.329999924,1,2,35.20000076,9,0,0,6,59.53000069
22-04-2015,2015,4,Wednesday,1.330000043,4.626999855,3.200000048,32,3,0,1,2,47.15699995
23-04-2015,2015,4,Thursday,4,1,1,28.20000076,8,0,1,4,47.20000076
24-04-2015,2015,4,Friday,10,1,4,30,5,0,1,5,56
25-04-2015,2015,4,Saturday,5,3.164999962,8,38.09999847,3,0,1,3,61.26499844
26-04-2015,2015,4,Sunday,7,6,3,37.59999847,5,0,1,1,60.59999847
27-04-2015,2015,4,Monday,3,0.779999971,4,43,10,0,0,10,70.77999997
28-04-2015,2015,4,Tuesday,4.329999924,4.670000076,3.099999905,15.19999981,7,0,5,6,45.29999971
29-04-2015,2015,4,Wednesday,2,0.430000007,4.199999809,27.60000038,2,0,11,3,50.2300002
30-04-2015,2015,4,Thursday,3,8.727000237,2.599999905,32.59999847,7,0,3,7,63.92699862
01-05-2015,2015,5,Friday,5.340000153,1.679999948,4.940000057,11.39999962,4,0,0,4.699999809,32.05999959
02-05-2015,2015,5,Saturday,5,3.660000086,3,47.79999924,6,2,0,5,72.45999932
03-05-2015,2015,5,Sunday,6.670000076,1.065999985,2.099999905,19.20000076,4,0,1,6,40.03600073
04-05-2015,2015,5,Monday,4,4.72300005,8.600000381,36,5,1,10,3.299999952,72.62300038
05-05-2015,2015,5,Tuesday,3.339999914,3.461999893,2,19,6,0,5,2.5,41.30199981
06-05-2015,2015,5,Wednesday,4.659999847,6.497000217,2,40.20000076,11,0,0,6,70.35700083
07-05-2015,2015,5,Thursday,2,3.339999914,2,21,4,1,5,10,48.33999991
08-05-2015,2015,5,Friday,1,6.340000153,5,16,8,0,4,1,41.34000015
09-05-2015,2015,5,Saturday,3.660000086,4.340000153,7.400000095,21,11,1,1,6,55.40000033
10-05-2015,2015,5,Sunday,3.339999914,5.427000046,3.799999952,13,3,0,1,10,39.56699991
11-05-2015,2015,5,Monday,3.329999924,6.659999847,5.900000095,21,3,0,6,4,49.88999987
12-05-2015,2015,5,Tuesday,7.329999924,1.99000001,8.199999809,22.95000076,13,0,0,8,61.47000051
13-05-2015,2015,5,Wednesday,8,3.440000057,9,28.39999962,5,0,2,4.5,60.33999968
14-05-2015,2015,5,Thursday,3,5.066999912,3,14,1,0,0,5,31.06699991
15-05-2015,2015,5,Friday,3.339999914,6.53000021,4.300000191,48.40000153,8,0,4,3.200000048,77.77000189
16-05-2015,2015,5,Saturday,5,4.065999985,4.099999905,40.40000153,4,0,0,4,61.56600142
17-05-2015,2015,5,Sunday,5,3.329999924,5,23.20000076,0,0,0,8,44.53000069
18-05-2015,2015,5,Monday,7,2.713000059,5.199999809,21.39999962,6,1,2,2.200000048,47.51299953
19-05-2015,2015,5,Tuesday,3,1.659999967,3,20,8,0,0,3,38.65999997
20-05-2015,2015,5,Wednesday,5.670000076,6.465000153,2,17,12,1,5,6,55.13500023
21-05-2015,2015,5,Thursday,6,1.957000017,3,10,5,0,1,3.299999952,30.25699997
22-05-2015,2015,5,Friday,3,0.197999999,2,15,8,0,0,7,35.198
23-05-2015,2015,5,Saturday,5.679999828,2.690000057,5,23.45000076,10,0,2,7,55.82000065
24-05-2015,2015,5,Sunday,5.329999924,7.769000053,3,20,5,0,0,1.299999952,42.39899993
25-05-2015,2015,5,Monday,9.659999847,3.329999924,4,30,11,3,0,3,63.98999977
26-05-2015,2015,5,Tuesday,7.340000153,3.339999914,4.5,27,11,0,22,10,85.18000007
27-05-2015,2015,5,Wednesday,4,2.660000086,2,24.20000076,7,0,0,1,40.86000085
28-05-2015,2015,5,Thursday,6,2.329999924,6.699999809,17.10000038,3,0,20,3,58.13000011
29-05-2015,2015,5,Friday,6.329999924,5.010000229,3,41.79999924,6,0,5,3,70.13999939
30-05-2015,2015,5,Saturday,14,2.680000067,6,24.5,4,0,4,8,63.18000007
31-05-2015,2015,5,Sunday,3,4.697000027,6.300000191,31.5,2,0,0,10.5,57.99700022
01-06-2015,2015,6,Monday,4.659999847,5,2.5,23.54999924,12,0,2,3,52.70999908
02-06-2015,2015,6,Tuesday,8.329999924,8,7.900000095,24,10,4,3,6,71.23000002
03-06-2015,2015,6,Wednesday,5,1.659999967,5.300000191,30,9,0,6,2,58.96000016
04-06-2015,2015,6,Thursday,2.329999924,4,3,20,5,0,2,2,38.32999992
05-06-2015,2015,6,Friday,5,0.670000017,5,13,6,0,1,7,37.67000002
06-06-2015,2015,6,Saturday,3.680000067,3.680000067,2,16,6,0,17,2,50.36000013
07-06-2015,2015,6,Sunday,6.340000153,5.010000229,2,17,6,1,22,6,65.35000038
08-06-2015,2015,6,Monday,6,5.659999847,2.5,31,10,1,3,7,66.15999985
09-06-2015,2015,6,Tuesday,3,4,4,26.60000038,14,0,0,4.599999905,56.20000029
10-06-2015,2015,6,Wednesday,4.340000153,3.00999999,8,18.6760006,6,0,7,2,49.02600074
11-06-2015,2015,6,Thursday,6,2.329999924,5.099999905,38.29999924,11,0,1,3,66.72999907
12-06-2015,2015,6,Friday,1.669999957,1.659999967,2,17.5,2,2,0,5,31.82999992
13-06-2015,2015,6,Saturday,2.329999924,4.659999847,7.300000191,21.39999962,6,0,12,4,57.68999958
14-06-2015,2015,6,Sunday,5,3.670000076,1.600000024,14,6,0,3,2,35.2700001
15-06-2015,2015,6,Monday,4,3.359999895,5,37,9,0,6,9,73.3599999
16-06-2015,2015,6,Tuesday,7,3.339999914,4,20,6,0,8,5,53.33999991
17-06-2015,2015,6,Wednesday,3.660000086,3.319999933,8.659999847,24,10,1,20,2,72.63999987
18-06-2015,2015,6,Thursday,3,5.329999924,7,24.60000038,4,0,23,3.599999905,70.53000021
19-06-2015,2015,6,Friday,5.329999924,4.010000229,3.099999905,24,13,2,10,6.300000191,67.74000025
20-06-2015,2015,6,Saturday,9.340000153,3,3,26.79999924,5,0,10,7,64.13999939
21-06-2015,2015,6,Sunday,9.340000153,0.680000007,5,18,5,0,6,2,46.02000016
22-06-2015,2015,6,Monday,5.170000076,6.989999771,9.600000381,29.06200027,0,0,1,5,56.8220005
23-06-2015,2015,6,Tuesday,4.670000076,5.670000076,3.5,19,7,0,5,5,49.84000015
24-06-2015,2015,6,Wednesday,3.829999924,4,7,23.79999924,5,1,4,3,51.62999916
25-06-2015,2015,6,Thursday,6.329999924,4.340000153,6,24.125,4,0,0,3,47.79500008
26-06-2015,2015,6,Friday,7.170000076,0.330000013,2,29,3,0,1,4,46.50000009
27-06-2015,2015,6,Saturday,7.329999924,3.329999924,6,36,10,0,1,2,65.65999985
28-06-2015,2015,6,Sunday,5.340000153,4.650000095,7.400000095,12,0,0,6,6,41.39000034
29-06-2015,2015,6,Monday,5.679999828,3.660000086,4,22,15,0,11,3,64.33999991
30-06-2015,2015,6,Tuesday,1,4.670000076,6,35,12,0,2,4.300000191,64.97000027
01-07-2015,2015,7,Wednesday,8.829999924,5.679999828,5.400000095,18.25,14,1,12,10,75.15999985
02-07-2015,2015,7,Thursday,3,2,1,23.14999962,3,0,1,2,35.14999962
03-07-2015,2015,7,Friday,5.5,4.329999924,3.5,24.5,10,0,8,4,59.82999992
04-07-2015,2015,7,Saturday,7.349999905,2.339999914,4.199999809,15.19999981,2,0,0,3,34.08999944
05-07-2015,2015,7,Sunday,5,4.340000153,4.199999809,14,10,0,1,4,42.53999996
06-07-2015,2015,7,Monday,5.5,4.679999828,2,20,8,0,3,3,46.17999983
07-07-2015,2015,7,Tuesday,4.840000153,4.679999828,2.299999952,19.60000038,5,0,3,7,46.42000031
08-07-2015,2015,7,Wednesday,2,1.350000024,3,18.60000038,6,0,5,3,38.95000041
09-07-2015,2015,7,Thursday,2.339999914,1.669999957,2,32.75,4,0,0,5,47.75999987
10-07-2015,2015,7,Friday,5.5,6.340000153,5,37,15,0,8,6,82.84000015
11-07-2015,2015,7,Saturday,4,2.329999924,4.900000095,45,9,0,2,10,77.23000002
12-07-2015,2015,7,Sunday,6.329999924,5.329999924,5,25.29999924,5,0,0,6.5,53.45999908
13-07-2015,2015,7,Monday,3.680000067,0.660000026,8,22.54999924,5,0,0,3,42.88999933
14-07-2015,2015,7,Tuesday,0.340000004,4.329999924,5,14,1,0,2,2,28.66999993
15-07-2015,2015,7,Wednesday,8.489999771,1.659999967,4,20.20000076,5,0,1,9,49.3500005
16-07-2015,2015,7,Thursday,8.340000153,3.329999924,1,18,3,0,2,4,39.67000008
17-07-2015,2015,7,Friday,2.5,1.330000043,1,28,3,0,0,2.299999952,38.13
18-07-2015,2015,7,Saturday,3.680000067,7.380000114,2,25,8,3,1,3,53.06000018
19-07-2015,2015,7,Sunday,11.68000031,1.679999948,2,15,1,0,1,3,35.36000025
20-07-2015,2015,7,Monday,5.840000153,4.670000076,5,41,4,0,0,2,62.51000023
21-07-2015,2015,7,Tuesday,4.679999828,1,3.200000048,14.25,7,0,1,4,35.12999988
22-07-2015,2015,7,Wednesday,9.329999924,0.340000004,5,22,10,0,5,3,54.66999993
23-07-2015,2015,7,Thursday,1.5,4,3,14,3,0,0,2,27.5
24-07-2015,2015,7,Friday,6,6.340000153,3.599999905,29.60000038,9,1,1,10,66.54000044
25-07-2015,2015,7,Saturday,4,4,5,22,7,1,0,4,47
26-07-2015,2015,7,Sunday,5,2.99000001,3,29,4,0,0,0,43.99000001
27-07-2015,2015,7,Monday,7.340000153,3.339999914,7,24,9,0,0,1.5,52.18000007
28-07-2015,2015,7,Tuesday,14.18000031,6.019999981,1,15.19999981,14,0,1,3,54.4000001
29-07-2015,2015,7,Wednesday,10.34000015,3.339999914,4,21.37800026,8,0,2,1,50.05800033
30-07-2015,2015,7,Thursday,3,3.329999924,14,16.29999924,3,0,0,4,43.62999916
31-07-2015,2015,7,Friday,5.5,9,6.199999809,24,8,0,0,6,58.69999981
01-08-2015,2015,8,Saturday,5,5,4,19,14,0,0,2,49
02-08-2015,2015,8,Sunday,5,6.699999809,4,15,9,0,0,2,41.69999981
03-08-2015,2015,8,Monday,1.5,2.329999924,1.5,23,3.5,1,5,1,38.82999992
04-08-2015,2015,8,Tuesday,6.340000153,2.329999924,3,23,5,1,0,4,44.67000008
05-08-2015,2015,8,Wednesday,5,3.329999924,4.199999809,22.20000076,3.5,0,0,1,39.2300005
06-08-2015,2015,8,Thursday,5.329999924,1.669999957,8,35,11,0,3,2,65.99999988
07-08-2015,2015,8,Friday,4.329999924,4,6,22,9,2,1,6,54.32999992
08-08-2015,2015,8,Saturday,6.329999924,5.329999924,7,22,5,0,0,0.699999988,46.35999984
09-08-2015,2015,8,Sunday,5,3.660000086,2,21,5,0,2,3,41.66000009
10-08-2015,2015,8,Monday,3.670000076,5.679999828,4.199999809,29,12.5,0,1,5,61.04999971
11-08-2015,2015,8,Tuesday,12.32999992,6.659999847,7.400000095,18.10000038,10,0,0,4,58.49000025
12-08-2015,2015,8,Wednesday,8.670000076,7.69299984,4,28.20000076,9.5,0,1,1,60.06300068
13-08-2015,2015,8,Thursday,8,2,6,23.43799973,9,0,3,3,54.43799973
14-08-2015,2015,8,Friday,3,4.659999847,4,16.70000076,5,0,1,4,38.36000061
15-08-2015,2015,8,Saturday,3.339999914,6.340000153,6,35,14,1,1,1,67.68000007
16-08-2015,2015,8,Sunday,2,4.670000076,2,19.25,4,2,0,2,35.92000008
17-08-2015,2015,8,Monday,8,3,3,33,6,0,0,2,55
18-08-2015,2015,8,Tuesday,6.010000229,2.670000076,3,24,16,0,3,1,55.68000031
19-08-2015,2015,8,Wednesday,6.329999924,2.660000086,8,28,15,0,3,3,65.99000001
20-08-2015,2015,8,Thursday,3.5,3.680000067,5,19,6,1,0,0,38.18000007
21-08-2015,2015,8,Friday,6,0.670000017,3,34,8,1,1,4,57.67000002
22-08-2015,2015,8,Saturday,2.339999914,6.736000061,4,28,6,3,1,6,57.07599998
23-08-2015,2015,8,Sunday,8.989999771,5.329999924,3,28,8,0,2,2,57.31999969
24-08-2015,2015,8,Monday,8.5,3.660000086,3.400000095,45.09999847,8,0,0,1,69.65999866
25-08-2015,2015,8,Tuesday,2.339999914,2.670000076,4,23.5,20,0,1,3,56.50999999
26-08-2015,2015,8,Wednesday,2.670000076,4.019999981,7.300000191,27,7,0,1,6,54.99000025
27-08-2015,2015,8,Thursday,9.329999924,3,4.5,32,8,0,0,3,59.82999992
28-08-2015,2015,8,Friday,7,8.670000076,1,15.10000038,12,0,0,3,46.77000046
29-08-2015,2015,8,Saturday,10.84000015,10.34000015,4,23.20000076,4,3,3,2,60.38000107
30-08-2015,2015,8,Sunday,11,6.019999981,3.5,21,3,0,6,4,54.51999998
31-08-2015,2015,8,Monday,4,9.340000153,3.400000095,38,9.5,0,6,2,72.24000025
01-09-2015,2015,9,Tuesday,8.180000305,2.839999914,4.400000095,28.25,8,0,0,3,54.67000031
02-09-2015,2015,9,Wednesday,5.329999924,7,3,31.29999924,9.5,0,5,5,66.12999916
03-09-2015,2015,9,Thursday,1.340000033,3.680000067,2.200000048,19,13,0,4,2,45.22000015
04-09-2015,2015,9,Friday,3.339999914,2.680000067,3.099999905,20,8,1,1,2,41.11999989
05-09-2015,2015,9,Saturday,8.829999924,6.010000229,3.200000048,20,10.5,1,6,4,59.5400002
06-09-2015,2015,9,Sunday,8.329999924,9.670000076,6,23.60000038,8,1,0,3,59.60000038
07-09-2015,2015,9,Monday,4.340000153,6.124000072,2.5,32.79999924,7,1,5,2,60.76399946
08-09-2015,2015,9,Tuesday,2.670000076,1.692999959,5,29.20000076,4,0,2,4,48.5630008
09-09-2015,2015,9,Wednesday,2,3,1,34.70000076,8,0,2,2,52.70000076
10-09-2015,2015,9,Thursday,6,3.99000001,4.199999809,21.20000076,18,0,2,2,57.39000058
11-09-2015,2015,9,Friday,11.32999992,5,9,30,9,0,2,2,68.32999992
12-09-2015,2015,9,Saturday,4.659999847,7.659999847,5.199999809,63.29999924,6,3,0,2,91.81999874
13-09-2015,2015,9,Sunday,7.329999924,6.164999962,7.199999809,25,4,0,11,3,63.69499969
14-09-2015,2015,9,Monday,4.679999828,5,1,31.29999924,14,0,0,0,55.97999907
15-09-2015,2015,9,Tuesday,3.329999924,5.076000214,4.199999809,23.79999924,7.5,0,6,5,54.90599918
16-09-2015,2015,9,Wednesday,0.670000017,4.835000038,2.200000048,16.60000038,6,0,2,1,33.30500048
17-09-2015,2015,9,Thursday,9.829999924,6.329999924,0,35.5,3,0,1,2,57.65999985
18-09-2015,2015,9,Friday,3.339999914,1.330000043,3,16,4,0,4,3,34.66999996
19-09-2015,2015,9,Saturday,6.829999924,0.99000001,7,37,7,0,4,5,67.81999993
20-09-2015,2015,9,Sunday,9.989999771,3.99000001,6.5,28.89999962,15,0,0,2,66.3799994
21-09-2015,2015,9,Monday,2,10,2,46.70000076,6,0,0,2,68.70000076
22-09-2015,2015,9,Tuesday,6.989999771,1.330000043,4,19.5,10,2,5,5,53.81999981
23-09-2015,2015,9,Wednesday,6.159999847,4.056000233,3.299999952,34.65000153,7,0,2,1,58.16600156
24-09-2015,2015,9,Thursday,2.99000001,4.340000153,4.199999809,37.59999847,7,0,0,0,56.12999845
25-09-2015,2015,9,Friday,4.829999924,4.980000019,5.199999809,25.20000076,11,0,1,3,55.21000051
26-09-2015,2015,9,Saturday,12.42000008,3.329999924,2.5,33,6,1,7,2,67.25
27-09-2015,2015,9,Sunday,5.829999924,3,2.299999952,10.42500019,3,1,2,1,28.55500007
28-09-2015,2015,9,Monday,1,1.330000043,2,15.39999962,8,0,17,2,46.72999966
29-09-2015,2015,9,Tuesday,6.329999924,4.362999916,1,39.70000076,7,0,0,0,58.3930006
30-09-2015,2015,9,Wednesday,5.320000172,4.329999924,4,22.5,9,0,0,1,46.1500001
01-10-2015,2015,10,Thursday,9.659999847,5.989999771,4,34.56200027,2,0,5,2,63.21199989
02-10-2015,2015,10,Friday,5,4.725999832,4,37.29999924,5,0,5,1,62.02599907
03-10-2015,2015,10,Saturday,10.34000015,5.340000153,3,37.20000076,7,0,7,2,71.88000107
04-10-2015,2015,10,Sunday,7,4,4,59,3,0,16,2,95
05-10-2015,2015,10,Monday,5,2.372999907,2.200000048,70.94999695,11,1,7,5,104.5229969
06-10-2015,2015,10,Tuesday,5.690000057,3.660000086,5.5,42.72499847,9,1,5,4,76.57499862
07-10-2015,2015,10,Wednesday,7.329999924,2.660000086,6,44.29999924,8,0,5,2,75.28999925
08-10-2015,2015,10,Thursday,8.819999695,4.329999924,3,30.70000076,5,0,20,0,71.85000038
09-10-2015,2015,10,Friday,2,2.769000053,7.599999905,28.06200027,13,2,10,2,67.43100023
10-10-2015,2015,10,Saturday,6.159999847,5.659999847,3,46.29999924,19.5,0,1,0,81.61999893
11-10-2015,2015,10,Sunday,10.32999992,2.792000055,7.099999905,70.30000305,8,0,3,5,106.5220029
12-10-2015,2015,10,Monday,9.659999847,7.329999924,6,68.84999847,12,0,5,3,111.8399982
13-10-2015,2015,10,Tuesday,3.829999924,7,5.199999809,63.79999924,5.5,0,5,1,91.32999897
14-10-2015,2015,10,Wednesday,4.659999847,7.329999924,3.900000095,38.59999847,7,0,0,1,62.48999834
15-10-2015,2015,10,Thursday,5.159999847,5.725999832,7.300000191,64.72399902,4,0,9,1,96.90999889
16-10-2015,2015,10,Friday,1.669999957,3.329999924,5.199999809,57.29999924,2,0,5,1,75.49999893
17-10-2015,2015,10,Saturday,10.34000015,2.836999893,3.400000095,74.30000305,8,0,0,1,99.87700319
18-10-2015,2015,10,Sunday,7.340000153,6.539999962,4.900000095,55.59999847,3,1,8,8,94.37999868
19-10-2015,2015,10,Monday,12,3.802000046,3,62.59999847,3,0,17,0,101.4019985
20-10-2015,2015,10,Tuesday,3.339999914,1.99000001,2.299999952,44.70000076,6,0,10,5,73.33000064
21-10-2015,2015,10,Wednesday,8.659999847,2.362999916,3.200000048,36.79999924,9,1,1,4,66.02299905
22-10-2015,2015,10,Thursday,4.329999924,0.340000004,0,35.26200104,9,0,2,2,52.93200096
23-10-2015,2015,10,Friday,7,1.659999967,10.19999981,41.40000153,3,0,6,2,71.2600013
24-10-2015,2015,10,Saturday,9.840000153,8.350000381,9.100000381,67.40000153,8,0,4,2,108.6900024
25-10-2015,2015,10,Sunday,3,3.329999924,3.099999905,64.59999847,4,0,0,4,82.0299983
26-10-2015,2015,10,Monday,9,5.329999924,8,53.29999924,8,1,2,2,88.62999916
27-10-2015,2015,10,Tuesday,4.329999924,2,8.5,64.40000153,7,0,8,3,97.23000145
28-10-2015,2015,10,Wednesday,1,1.659999967,1,33,11,1,6,2,56.65999997
29-10-2015,2015,10,Thursday,2.329999924,3.693000078,1.299999952,38.29999924,8,0,0,1,54.62299919
30-10-2015,2015,10,Friday,5.329999924,3.670000076,3.200000048,49.59999847,8,0,5,3,77.79999852
31-10-2015,2015,10,Saturday,5.659999847,4.650000095,8,58.40000153,6,0,7,1,90.71000147
01-11-2015,2015,11,Sunday,2.329999924,7.989999771,5.599999905,80.40000153,11,0,5,0,112.3200011
02-11-2015,2015,11,Monday,4.659999847,4.329999924,4,46.29999924,7,0,7,2,75.28999901
03-11-2015,2015,11,Tuesday,1.340000033,4.349999905,4.300000191,41.79999924,5,0,3,0,59.78999937
04-11-2015,2015,11,Wednesday,8.5,2.339999914,3,59.79999924,18,3,3,4,101.6399992
05-11-2015,2015,11,Thursday,4.329999924,3.561000109,7.400000095,45,3,0,0,2,65.29100013
06-11-2015,2015,11,Friday,3.329999924,6.736000061,4,31.47500038,5,2,1,0,53.54100037
07-11-2015,2015,11,Saturday,4,3.109999895,4.800000191,69.90000153,15,1,6,1,104.8100016
08-11-2015,2015,11,Sunday,6.329999924,3.670000076,7.199999809,48.59999847,7,0,13,1,86.79999828
09-11-2015,2015,11,Monday,3.660000086,6.197999954,4.199999809,40.75,3,1,12,1,71.80799985
10-11-2015,2015,11,Tuesday,6.329999924,7.481999874,10,41.20000076,8,0,9,2,84.01200056
11-11-2015,2015,11,Wednesday,9.659999847,5.340000153,7.199999809,60,4,0,12,3,101.1999998
12-11-2015,2015,11,Thursday,6,4.329999924,6,24,11,0,20,0,71.32999992
13-11-2015,2015,11,Friday,5,2.440000057,2,22,13,0,0,0,44.44000006
14-11-2015,2015,11,Saturday,4.989999771,0.330000013,3.700000048,19,5,1,0,1,35.01999983
15-11-2015,2015,11,Sunday,1.330000043,11.98999977,9.300000191,42.34999847,8,2,17,0,91.96999848
16-11-2015,2015,11,Monday,5.670000076,3.670000076,6,50.29999924,9,0,3,2,79.63999939
17-11-2015,2015,11,Tuesday,6.340000153,4.69299984,4.699999809,60,1,0,0,2,78.7329998
18-11-2015,2015,11,Wednesday,6.340000153,5.329999924,5.5,24.5,11,0,0,2,54.67000008
19-11-2015,2015,11,Thursday,2,2.99000001,2.099999905,26.39999962,22,0,0,0,55.48999953
20-11-2015,2015,11,Friday,5.659999847,1.659999967,3.799999952,25.60000038,2,2,10,3,53.72000015
21-11-2015,2015,11,Saturday,4,2.00999999,5.199999809,45.5,4,0,17,3,80.7099998
22-11-2015,2015,11,Sunday,2,3.438999891,2.599999905,41.20000076,6,2,2,1,60.23900056
23-11-2015,2015,11,Monday,3,1,4.699999809,69,3,0,1,2,83.69999981
24-11-2015,2015,11,Tuesday,5,6.329999924,6.400000095,19.79999924,12,3,1,5,58.52999926
25-11-2015,2015,11,Wednesday,5.659999847,5.329999924,3.200000048,29,11,0,3,3,60.18999982
26-11-2015,2015,11,Thursday,4.329999924,4,2,25.97500038,8,0,0,0,44.30500031
27-11-2015,2015,11,Friday,0.670000017,4.373000145,2,20.79999924,7,0,0,0,34.8429994
28-11-2015,2015,11,Saturday,6.329999924,3.660000086,4,46.82500076,3,0,10,1,74.81500077
29-11-2015,2015,11,Sunday,6.659999847,3.726000071,6,42.20000076,1,0,4,0,63.58600068
30-11-2015,2015,11,Monday,7.329999924,1.825000048,5,35.29999924,5,1,6,3,64.45499921
01-12-2015,2015,12,Tuesday,1.99000001,2.023000002,6.300000191,23.89999962,4,1,5,1,45.21299982
02-12-2015,2015,12,Wednesday,1,3.329999924,2.400000095,42,23,4,0,0,75.73000002
03-12-2015,2015,12,Thursday,4,3,5.599999905,56,6,1,1,1,77.5999999
04-12-2015,2015,12,Friday,3.329999924,4.758999825,4.699999809,25.60000038,9,3,3,1,54.38899994
05-12-2015,2015,12,Saturday,8,3.032999992,2,35.04999924,2,0,7,2.329999924,59.41299915
06-12-2015,2015,12,Sunday,5.670000076,7,3.400000095,60.40000153,5,2,3,1,87.4700017
07-12-2015,2015,12,Monday,3,2.098999977,2.200000048,26.5,6,1,11,6,57.79900002
08-12-2015,2015,12,Tuesday,2,6.340000153,2,41.32500076,8,0,0,0,59.66500092
09-12-2015,2015,12,Wednesday,3.339999914,3.471999884,7,41.26200104,16,0,3,1,75.07400084
10-12-2015,2015,12,Thursday,11.65999985,10.68999958,16,31.89999962,9,0,9,2.099999905,90.34999895
11-12-2015,2015,12,Friday,5.840000153,6.164999962,3,22.70000076,9,0,16,1,63.70500088
12-12-2015,2015,12,Saturday,6.340000153,3.200000048,3,42.20000076,5,2,6,1,68.74000096
13-12-2015,2015,12,Sunday,9.329999924,4.320000172,7,29,5,0,27,0,81.6500001
14-12-2015,2015,12,Monday,5,3,6.599999905,37.40000153,11,0,21,1,85.00000143
15-12-2015,2015,12,Tuesday,4.989999771,2,5,42,3,1,2,1,60.98999977
16-12-2015,2015,12,Wednesday,6.670000076,4,4,42,11,1,11,0,79.67000008
17-12-2015,2015,12,Thursday,9,3.00999999,3,25,7,0,0,2,49.00999999
18-12-2015,2015,12,Friday,4.329999924,8.901000023,4.300000191,27.20000076,12,4,2,1,63.7310009
19-12-2015,2015,12,Saturday,0,0,0,0,0,0,0,0,0
20-12-2015,2015,12,Sunday,3,3.473999977,2.200000048,43,3,0,16,1,71.67400002
21-12-2015,2015,12,Monday,5,6.340000153,2,53.59999847,14,0,6,0.400000006,87.33999863
22-12-2015,2015,12,Tuesday,5.659999847,0,5,48,6,0,13,1,78.65999985
23-12-2015,2015,12,Wednesday,3.329999924,4.010000229,2.299999952,28.79999924,3,0,0,0,41.43999934
24-12-2015,2015,12,Thursday,7.329999924,3.395999908,5,28.29999924,5,0,16,0,65.02599907
25-12-2015,2015,12,Friday,0.660000026,4.659999847,2,20.66200066,28,2,1,1,59.98200053
26-12-2015,2015,12,Saturday,4.670000076,1.659999967,5,87.19999695,15,3,0,4.300000191,120.8299972
27-12-2015,2015,12,Sunday,5.329999924,6.791999817,5.199999809,63.5,4,0,14,4.599999905,103.4219995
28-12-2015,2015,12,Monday,4,5.098999977,9.199999809,61.5,18,3,26,1,127.7989998
29-12-2015,2015,12,Tuesday,10.67000008,2.329999924,2,71.59999847,9,0,2,3,100.5999985
30-12-2015,2015,12,Wednesday,6.659999847,7.089000225,2,56.40000153,12,0,4,2,90.1490016
31-12-2015,2015,12,Thursday,7.659999847,6.098999977,7.599999905,44.34999847,18,0,6,1,90.7089982
01-01-2016,2016,1,Friday,0,0,0,0,0,0,0,0,0
02-01-2016,2016,1,Saturday,0.340000004,1.019999981,1,51.20000076,0,1,5,5,64.56000075
03-01-2016,2016,1,Sunday,4,4,2.5,56.09999847,1,0,5,1,73.59999847
04-01-2016,2016,1,Monday,7.329999924,5.989999771,6,46.59999847,6,0,12,1,84.91999817
05-01-2016,2016,1,Tuesday,5.329999924,5.989999771,4.599999905,38.59999847,15,0,5,1,75.51999807
06-01-2016,2016,1,Wednesday,6.659999847,3,6,61.90000153,2,0,12,2,93.56000137
07-01-2016,2016,1,Thursday,0,0,0,0,0,0,0,0,0
08-01-2016,2016,1,Friday,8,3.463000059,7.699999809,39.20000076,8,3,2,2,73.36300063
09-01-2016,2016,1,Saturday,7.329999924,2.660000086,5,88.30000305,9,0,3,3,118.2900031
10-01-2016,2016,1,Sunday,7,4.032999992,12,67.59999847,8,1,1,0,100.6329985
11-01-2016,2016,1,Monday,9.340000153,5.659999847,7,64.90000153,18,0,0,4,108.9000015
12-01-2016,2016,1,Tuesday,12,3.131999969,12,61.34999847,8,0,0,0,96.48199844
13-01-2016,2016,1,Wednesday,9,1.659999967,5,41.70000076,15,0,1,2,75.36000073
14-01-2016,2016,1,Thursday,2,5.15500021,6,69,18,0,8,2,110.1550002
15-01-2016,2016,1,Friday,8.979999542,4.659999847,10.60000038,18.10000038,8,0,10,2,62.34000015
16-01-2016,2016,1,Saturday,3.339999914,5.340000153,6,63.59999847,11,0,2,1,92.27999854
17-01-2016,2016,1,Sunday,7.010000229,1.603999972,3.900000095,46.59999847,4,0,0,1,64.11399877
18-01-2016,2016,1,Monday,3.5,2.99000001,4.300000191,62.79999924,3,2,9,2,89.58999944
19-01-2016,2016,1,Tuesday,6,5.659999847,6,49.79999924,7,0,0,3,77.45999908
20-01-2016,2016,1,Wednesday,2.319999933,3.362999916,3,15.10000038,29,3,3,2,60.78300023
21-01-2016,2016,1,Thursday,5,1.429999948,1,68.40000153,8,4,6,5,98.83000147
22-01-2016,2016,1,Friday,0.829999983,7.677999973,7,39.5,11,0,10,0,76.00799996
23-01-2016,2016,1,Saturday,6.329999924,6.131999969,7.099999905,36.79999924,4,0,6,2,68.36199903
24-01-2016,2016,1,Sunday,4,6.122000217,11.30000019,48.09999847,3,0,12,3,87.52199888
25-01-2016,2016,1,Monday,10.32999992,4.260000229,4,46.95000076,12,2,10,1.5,91.04000092
26-01-2016,2016,1,Tuesday,5.679999828,4.068999767,8,30.29999924,9,0,15,0,72.04899883
27-01-2016,2016,1,Wednesday,4.340000153,4.428999901,3.400000095,30.06200027,18,5,5,2,72.23100042
28-01-2016,2016,1,Thursday,7.329999924,6.659999847,4.400000095,33,4,0,4,3,62.38999987
29-01-2016,2016,1,Friday,5,8.670000076,8.600000381,74.40000153,3,1,17,2,119.670002
30-01-2016,2016,1,Saturday,9,4.428999901,5.300000191,47.4620018,3,2,5,2,78.19100189
31-01-2016,2016,1,Sunday,4.329999924,5.143000126,3.799999952,78.90000153,3,0,6,2,103.1730015
01-02-2016,2016,2,Monday,6.340000153,5,7.099999905,18,7,0,6,1,50.44000006
02-02-2016,2016,2,Tuesday,14.32999992,4.877999783,1.299999952,39,6,0,0,1,66.50799966
03-02-2016,2016,2,Wednesday,8,6.69299984,11.5,39.06200027,11,5,0,0,81.25500011
04-02-2016,2016,2,Thursday,8.340000153,4,4.199999809,28.79999924,5,0,4,4,58.3399992
05-02-2016,2016,2,Friday,5.659999847,2,3,51.59999847,7,0,3,1,73.25999832
06-02-2016,2016,2,Saturday,5.329999924,10.32999992,3,57.16199875,1,0,11,2,89.8219986
07-02-2016,2016,2,Sunday,3.660000086,6.056000233,4.5,88.19999695,2,0,13,1,118.4159973
08-02-2016,2016,2,Monday,6.329999924,6.989999771,5.5,28.03800011,5,0,23,1,75.8579998
09-02-2016,2016,2,Tuesday,7,3.329999924,4.400000095,47.70000076,16,2,1,2,83.43000078
10-02-2016,2016,2,Wednesday,4.340000153,4.703000069,7.199999809,34.09999847,29,0,4,2,85.3429985
11-02-2016,2016,2,Thursday,1.659999967,4.156000137,2.700000048,38.09999847,10,1,13,4,74.61599863
12-02-2016,2016,2,Friday,5.989999771,6.428999901,8.5,60.67499924,4,0,20,1,106.5939989
13-02-2016,2016,2,Saturday,2.670000076,3.670000076,5,42.40000153,2,0,10,2,67.74000168
14-02-2016,2016,2,Sunday,5.840000153,7.340000153,3.799999952,43.59999847,5,0,7,4,76.57999873
15-02-2016,2016,2,Monday,5.329999924,5.329999924,5.300000191,52.20000076,6,0,0,0,74.1600008
16-02-2016,2016,2,Tuesday,7.329999924,2.319999933,3,29,3,2,9,3,58.64999986
17-02-2016,2016,2,Wednesday,3,5,4,26.60000038,12,1,1,0,52.60000038
18-02-2016,2016,2,Thursday,2.339999914,1,4.300000191,43.84999847,3,0,9,1,64.48999858
19-02-2016,2016,2,Friday,4,1.669999957,4,28.70000076,18,2,26,1,85.37000072
20-02-2016,2016,2,Saturday,10.32999992,4.122000217,4,36.90000153,5,0,8,3,71.35200167
21-02-2016,2016,2,Sunday,6.340000153,4,0,55.70000076,5,2,7,4,84.04000092
22-02-2016,2016,2,Monday,3,5.320000172,3,51.125,10,0,12,4,88.44500017
23-02-2016,2016,2,Tuesday,3,2.329999924,2.599999905,41.29999924,11,0,15,3,78.22999907
24-02-2016,2016,2,Wednesday,7.659999847,2.329999924,2.099999905,35,6,2,5,1,61.08999968
25-02-2016,2016,2,Thursday,7.989999771,3.99000001,5,41,22,1,4,3,87.97999978
26-02-2016,2016,2,Friday,5,5.84800005,4.5,28.54999924,6,2,0,1,52.89799929
27-02-2016,2016,2,Saturday,8,7,6.599999905,25.79999924,3,0,5,2,57.39999914
28-02-2016,2016,2,Sunday,8,4.032999992,10.10000038,66.5,6,0,26,5,125.6330004
29-02-2016,2016,2,Monday,7,7.659999847,4,46.20000076,13,0,3,1,81.86000061
01-03-2016,2016,3,Tuesday,10,4,2.200000048,31,11,2,0,2,62.20000005
02-03-2016,2016,3,Wednesday,3.329999924,10.39599991,5.300000191,21.29999924,15,2,1,0,58.32599926
03-03-2016,2016,3,Thursday,2.829999924,2,5,55.79999924,2,0,9,4,80.62999916
04-03-2016,2016,3,Friday,5,0.99000001,4.400000095,26.60000038,3,0,0,0,39.99000049
05-03-2016,2016,3,Saturday,5,4.890999794,8,38,9,0,10,5,79.89099979
06-03-2016,2016,3,Sunday,5,8.145000458,4.900000095,79.90000153,2,0,5,7,111.9450021
07-03-2016,2016,3,Monday,5.329999924,7.340000153,4,43.5,3,1,6,1,71.17000008
08-03-2016,2016,3,Tuesday,4,6.659999847,3,44,7,0,3,3,70.65999985
09-03-2016,2016,3,Wednesday,4.340000153,5.670000076,7,21.79999924,7,1,6,4,56.80999947
10-03-2016,2016,3,Thursday,6.329999924,10.32999992,2,23.39999962,8,0,2,2,54.05999947
11-03-2016,2016,3,Friday,3.329999924,4.362999916,6.199999809,22,8,0,18,1,62.89299965
12-03-2016,2016,3,Saturday,3,6.373000145,1.399999976,41.79999924,4,0,23,1,80.57299936
13-03-2016,2016,3,Sunday,2.5,4.133999825,1.5,59.20000076,4,0,4,0.340000004,75.67400059
14-03-2016,2016,3,Monday,4.329999924,3.319999933,10,35.90000153,12,0,23,1,89.55000138
15-03-2016,2016,3,Tuesday,5.329999924,3.319999933,2,24,7,0,18,3,62.64999986
16-03-2016,2016,3,Wednesday,5.329999924,13.34000015,5.699999809,37.40000153,16,0,4,4,85.77000141
17-03-2016,2016,3,Thursday,5.659999847,5.395999908,5,60.20000076,10,0,8,5,99.25600052
18-03-2016,2016,3,Friday,3.339999914,5.353000164,5.199999809,25.46199989,15,2,8,3,67.35499978
19-03-2016,2016,3,Saturday,10.65999985,8.329999924,2.799999952,19.5,6,1,5,5,58.28999972
20-03-2016,2016,3,Sunday,7.989999771,9.69299984,2.200000048,42.20000076,1,0,15,5,83.08300042
21-03-2016,2016,3,Monday,5,8.055999756,6,45.70000076,11,0,36,7,118.7560005
22-03-2016,2016,3,Tuesday,2.329999924,0,5,42.18799973,12,2,4,2,69.51799965
23-03-2016,2016,3,Wednesday,4,3,6,24.25,22,1,0,3,63.25
24-03-2016,2016,3,Thursday,6.840000153,2,3,32,4,0,8,2,57.84000015
25-03-2016,2016,3,Friday,7,7.349999905,4.199999809,42.79999924,8,0,3,3,75.34999895
26-03-2016,2016,3,Saturday,2.5,0.660000026,7.5,33.25,4,0,0,5,52.91000003
27-03-2016,2016,3,Sunday,7.829999924,5.448999882,13.69999981,63.29999924,11,1,1,4,107.2789989
28-03-2016,2016,3,Monday,3.339999914,2.339999914,1.700000048,24.60000038,20,0,4,4.5,60.48000026
29-03-2016,2016,3,Tuesday,5.679999828,1.330000043,3.200000048,36.20000076,4,0,12,1,63.41000068
30-03-2016,2016,3,Wednesday,7.159999847,2.680000067,7.400000095,22.20000076,3,0,12,5,59.44000077
31-03-2016,2016,3,Thursday,2.329999924,8.680000305,2.900000095,31.25,1,0,5,5,56.16000032
01-04-2016,2016,4,Friday,6.329999924,3.00999999,2.700000048,50.40000153,4,0,16,10.5,92.94000149
02-04-2016,2016,4,Saturday,3.670000076,2,7,32.29999924,4,0,19,7.400000095,75.36999941
03-04-2016,2016,4,Sunday,9.670000076,7.395999908,5.300000191,73.5,5,0,6,11,117.8660002
04-04-2016,2016,4,Monday,7,5.230999947,5,21.60000038,3,1,11,2,55.83100033
05-04-2016,2016,4,Tuesday,6,5.329999924,4,40.29999924,5,1,11,12,84.62999916
06-04-2016,2016,4,Wednesday,6.659999847,5.362999916,2,15.25,7,0,6,3,45.27299976
07-04-2016,2016,4,Thursday,6.329999924,5.980000019,4,21,7,2,4,8.199999809,58.50999975
08-04-2016,2016,4,Friday,7.670000076,3.660000086,5,42.29999924,2,1,3,4.400000095,69.02999949
09-04-2016,2016,4,Saturday,9,9.010000229,3.099999905,38.79999924,7,0,14,3,83.90999937
10-04-2016,2016,4,Sunday,5,6.670000076,5.150000095,21.39999962,4,1,11,8,62.21999979
11-04-2016,2016,4,Monday,0.330000013,4.989999771,3,26,11,2,17,6,70.31999978
12-04-2016,2016,4,Tuesday,4.340000153,4.650000095,6,41.59999847,19,1,2,5,83.58999872
13-04-2016,2016,4,Wednesday,6.329999924,3.065999985,3,34,22.33333397,0,2,3,73.72933388
14-04-2016,2016,4,Thursday,2.660000086,2.319999933,8.5,44.22499847,9,0,4,6,76.70499849
15-04-2016,2016,4,Friday,4.329999924,3.055999994,2.700000048,23.60000038,6,0,10,4.199999809,53.88600016
16-04-2016,2016,4,Saturday,5.340000153,6.659999847,5.300000191,33,11,0,8,8.5,77.80000019
17-04-2016,2016,4,Sunday,4.329999924,8.175000191,3,52.79999924,2,0,7,7.199999809,84.50499916
18-04-2016,2016,4,Monday,3.660000086,2,5,22.10000038,15,3,7,7,64.76000047
19-04-2016,2016,4,Tuesday,3,1.340000033,8.300000191,24.29999924,7,0,6,4,53.93999946
20-04-2016,2016,4,Wednesday,2.660000086,3.329999924,2.400000095,17.10000038,11,5,15,3,59.49000049
21-04-2016,2016,4,Thursday,3,3.463999987,3,21.60000038,6,0,0,2.299999952,39.36400032
22-04-2016,2016,4,Friday,6,5.670000076,4,21.89999962,4,0,6,1,48.56999969
23-04-2016,2016,4,Saturday,13.65999985,3.690000057,8,33.20000076,8,0,0,4.5,71.05000067
24-04-2016,2016,4,Sunday,1,6.659999847,5.5,36.95000076,3,0,6,5,64.11000061
25-04-2016,2016,4,Monday,6.670000076,1.659999967,7.25,21.70000076,20,1,3,2.5,63.78000081
26-04-2016,2016,4,Tuesday,5.329999924,4.989999771,7,27.20000076,19,0,7,2,72.52000046
27-04-2016,2016,4,Wednesday,5.659999847,7.494999886,7,47.40000153,27,0,1,2,97.55500126
28-04-2016,2016,4,Thursday,4.659999847,6.340000153,6,28,17.66666603,0,12,12,86.66666603
29-04-2016,2016,4,Friday,6.659999847,3,2.5,37,15,0,1,3.200000048,68.3599999
30-04-2016,2016,4,Saturday,9.659999847,10.31999969,7,47.81200027,11,0,1,4.5,91.29199982
01-05-2016,2016,5,Sunday,0,0,0,0,0,0,0,0,0
02-05-2016,2016,5,Monday,4,1.019999981,1,39.20000076,7,0,5,2,59.22000074
03-05-2016,2016,5,Tuesday,6.329999924,5.989999771,3,23.89999962,3,0,0,2,44.21999931
04-05-2016,2016,5,Wednesday,7.340000153,3,5,32.20000076,4,0,1,2,54.54000092
05-05-2016,2016,5,Thursday,4.659999847,3,6,41,16,3,1,2,76.65999985
06-05-2016,2016,5,Friday,4,2.99000001,1,33.59999847,7,0,1,3,52.58999848
07-05-2016,2016,5,Saturday,3.99000001,8.340000153,4,47.20000076,5,1,0,10,79.53000093
08-05-2016,2016,5,Sunday,5,10.65999985,1,40.40000153,12,0,1,11,81.06000137
09-05-2016,2016,5,Monday,5.670000076,6.362999916,5,29.20000076,3,0,2,5,56.23300076
10-05-2016,2016,5,Tuesday,7.329999924,3.670000076,7,28.25,4,0,2,3.5,55.75
11-05-2016,2016,5,Wednesday,5.329999924,4.659999847,4,23,13,0,3,2,54.98999977
12-05-2016,2016,5,Thursday,3.00999999,1.758999944,8,28.10000038,8,1,2,0,51.86900032
13-05-2016,2016,5,Friday,2.329999924,2.329999924,3,37,9,0,0,5,58.65999985
14-05-2016,2016,5,Saturday,5.340000153,4.670000076,5.550000191,31.25,13,0,21,1,81.81000042
15-05-2016,2016,5,Sunday,5.329999924,8.187999725,1.200000048,44.09999847,6,0,5,4,73.81799817
16-05-2016,2016,5,Monday,5,3.660000086,2,24,17,0,2,3,56.66000009
17-05-2016,2016,5,Tuesday,4,2.329999924,7.099999905,38.40000153,4,0,1,3.200000048,60.0300014
18-05-2016,2016,5,Wednesday,4,5.329999924,5.25,35,7,0,1,5,62.57999992
19-05-2016,2016,5,Thursday,6.340000153,5.659999847,2,30.5,10,0,16,3,73.5
20-05-2016,2016,5,Friday,3,1.131999969,3,14,14,2,9,5,51.13199997
21-05-2016,2016,5,Saturday,2,5.340000153,5.199999809,42.5,3,0,17,5,80.03999996
22-05-2016,2016,5,Sunday,4.340000153,4.510000229,9.050000191,55.59999847,6,1,0,10,90.49999905
23-05-2016,2016,5,Monday,5,2.362999916,5,54.70000076,19,0,7,4,97.06300068
24-05-2016,2016,5,Tuesday,12,3.167000055,4,32,3,0,3,2,59.16700006
25-05-2016,2016,5,Wednesday,8.340000153,1.669999957,6,25.04999924,16,1,0,1.200000048,59.25999939
26-05-2016,2016,5,Thursday,4.670000076,5.329999924,5.349999905,24.79999924,20,1,0,9,70.14999914
27-05-2016,2016,5,Friday,8.670000076,2.683000088,5.25,17,14,7,2,6,62.60300016
28-05-2016,2016,5,Saturday,12.32999992,0.363000005,3,43,4,0,4,9,75.69299993
29-05-2016,2016,5,Sunday,8.670000076,4.329999924,6,31.79999924,2,1,5,9.199999809,67.99999905
30-05-2016,2016,5,Monday,3.339999914,3.023000002,4.099999905,29.39999962,3,0,7,8,57.86299944
31-05-2016,2016,5,Tuesday,6,3.329999924,3.5,21,3,0,13,2,51.82999992
01-06-2016,2016,6,Wednesday,9,1.100000024,2,20,11,0,7,5,55.10000002
02-06-2016,2016,6,Thursday,2.329999924,6,1.049999952,21.25,18,3,4,1,56.62999988
03-06-2016,2016,6,Friday,7.329999924,3,4,18,8,0,1,7,48.32999992
04-06-2016,2016,6,Saturday,3.329999924,3.339999914,3.299999952,21,2,0,0,4,36.96999979
05-06-2016,2016,6,Sunday,10.34000015,3.065999985,4.300000191,23.39999962,5,0,3,4,53.10599995
06-06-2016,2016,6,Monday,5.329999924,2.802000046,4,26.20000076,5,0,6,6,55.33200073
07-06-2016,2016,6,Tuesday,6,3.362999916,4.099999905,28.5,13,0,10,3,67.96299982
08-06-2016,2016,6,Wednesday,8.659999847,1.330000043,5.5,45.06200027,10,0,5,6,81.55200016
09-06-2016,2016,6,Thursday,8.670000076,4.329999924,2,20.60000038,7,0,1,4.199999809,47.80000019
10-06-2016,2016,6,Friday,8.329999924,4,4,26,11,2,0,5,60.32999992
11-06-2016,2016,6,Saturday,10.65999985,2.825000048,2,35.59999847,4,1,10,8,74.08499837
12-06-2016,2016,6,Sunday,8.340000153,7.353000164,3.400000095,47,8,0,4,6,84.09300041
13-06-2016,2016,6,Monday,5.659999847,4.736000061,1,15,7,0,1,2,36.39599991
14-06-2016,2016,6,Tuesday,2.329999924,6,6.099999905,17.39999962,17,1,2,3,54.82999945
15-06-2016,2016,6,Wednesday,5,5.494999886,7,35,22,1,1,6,82.49499989
16-06-2016,2016,6,Thursday,4,0.330000013,1,20.5,4,0,22,3,54.83000001
17-06-2016,2016,6,Friday,3.339999914,3.670000076,3.650000095,20,8,0,4,4,46.66000009
18-06-2016,2016,6,Saturday,2,4.329999924,6.5,37.5,1,0,5,4,60.32999992
19-06-2016,2016,6,Sunday,6.340000153,6.010000229,3,40,1,0,7,15,78.35000038
20-06-2016,2016,6,Monday,7.340000153,3.339999914,6,22.38800049,5,0,8,6,58.06800056
21-06-2016,2016,6,Tuesday,7.329999924,4.659999847,9,23,15,0,7,5.599999905,71.58999968
22-06-2016,2016,6,Wednesday,2,6.066999912,2.299999952,42,6,0,2,2,62.36699986
23-06-2016,2016,6,Thursday,3,0.330000013,2.299999952,19,5,0,1,3,33.62999997
24-06-2016,2016,6,Friday,6,2.339999914,3.049999952,19,15,0,1,2,48.38999987
25-06-2016,2016,6,Saturday,5.679999828,4.989999771,8,20.25,5,0,1,4,48.9199996
26-06-2016,2016,6,Sunday,3,3.845000029,2,17.39999962,20,0,2,3,51.24499965
27-06-2016,2016,6,Monday,6,3.066999912,5.25,24,9,0,9,2,58.31699991
28-06-2016,2016,6,Tuesday,1.330000043,1.42900002,2.25,24,20,5,2,7,63.00900006
29-06-2016,2016,6,Wednesday,7,8.010000229,6.5,22,12.5,7,1,2,66.01000023
30-06-2016,2016,6,Thursday,4,3.802999973,3.200000048,9,6,0,0,2,28.00300002
01-07-2016,2016,7,Friday,4,2.00999999,5.5,24,1,0,20,7,63.50999999
02-07-2016,2016,7,Saturday,4.659999847,5.131999969,6,25.39999962,9,0,2,3,55.19199944
03-07-2016,2016,7,Sunday,6.670000076,4.164999962,5.400000095,18.60000038,4,0,11,5,54.83500051
04-07-2016,2016,7,Monday,8.340000153,5.340000153,1.149999976,14,8,3,7,6,52.83000028
05-07-2016,2016,7,Tuesday,6,4.010000229,2,19,10,0,0,3,44.01000023
06-07-2016,2016,7,Wednesday,9.329999924,5.725999832,5,30,5,0,8,4,67.05599976
07-07-2016,2016,7,Thursday,7.340000153,5.010000229,1,21,11,1,0,2,48.35000038
08-07-2016,2016,7,Friday,1.340000033,7.056000233,9.199999809,28,12,1,0,4.300000191,62.89600027
09-07-2016,2016,7,Saturday,3.329999924,6,4.5,11,12,0,0,2,38.82999992
10-07-2016,2016,7,Sunday,5.659999847,8.319999695,4.199999809,29,6,0,0,3,56.17999935
11-07-2016,2016,7,Monday,6.329999924,1.702999949,3,19.31200027,9,0,4,6.199999809,49.54499996
12-07-2016,2016,7,Tuesday,5.670000076,2.670000076,4,27.20000076,14,0,3,4,60.54000092
13-07-2016,2016,7,Wednesday,6.218333244,7,5,26.39999962,11,0,3,2,60.61833286
14-07-2016,2016,7,Thursday,2.339999914,2.362999916,5,12.39999962,3,0,3,5,33.10299945
15-07-2016,2016,7,Friday,3,8,2,15,4,0,0,3.329999924,35.32999992
16-07-2016,2016,7,Saturday,9.329999924,6.736999989,3,23.29999924,6,0,1,8,57.36699915
17-07-2016,2016,7,Sunday,9.010000229,4.010000229,3,26.64999962,3,0,7,4,56.67000008
18-07-2016,2016,7,Monday,6,2.496999979,8,25.39999962,2,0,3,4,50.8969996
19-07-2016,2016,7,Tuesday,7.340000153,1.330000043,6,19,5,0,1,2,41.6700002
20-07-2016,2016,7,Wednesday,10.32999992,4.659999847,7.099999905,25.20000076,6,0,5,5,63.29000044
21-07-2016,2016,7,Thursday,5.659999847,5.320000172,4.099999905,17,15,0,1,2,50.07999992
22-07-2016,2016,7,Friday,3.329999924,1.659999967,7,14,4,0,0,2,31.98999989
23-07-2016,2016,7,Saturday,4.659999847,5.489999771,2.099999905,15,6,0,0,5,38.24999952
24-07-2016,2016,7,Sunday,2.329999924,4.989999771,4,32,4,0,0,2,49.31999969
25-07-2016,2016,7,Monday,13,3.329999924,7,22,9,0,4,4,62.32999992
26-07-2016,2016,7,Tuesday,8.319999695,2.660000086,1,10,16,0,0,2,39.97999978
27-07-2016,2016,7,Wednesday,3,6.329999924,4.150000095,10,4,1,9,2,39.48000002
28-07-2016,2016,7,Thursday,9.670000076,3.99000001,4,22.5,12,1,5,3,61.16000009
29-07-2016,2016,7,Friday,9.989999771,4.510000229,6,11,17,1,11,2,62.5
30-07-2016,2016,7,Saturday,6.329999924,3.99000001,4,37,7,0,1,6,65.31999993
31-07-2016,2016,7,Sunday,6,5.010000229,4.5,22,5,0,0,4,46.51000023
01-08-2016,2016,8,Monday,8.329999924,1.396000028,5,14,7.5,1,1,6,44.22599995
02-08-2016,2016,8,Tuesday,8.329999924,7,5,12,12,0,1,1,46.32999992
03-08-2016,2016,8,Wednesday,8,2.980000019,3.5,21,11,0,13,3,62.48000002
04-08-2016,2016,8,Thursday,8,2.693000078,2,34.40000153,12,0,17,4,80.0930016
05-08-2016,2016,8,Friday,10.32999992,3.420000076,3.700000048,21,24,0,24,1.299999952,87.75
06-08-2016,2016,8,Saturday,3,3.661999941,5,20,33,0,1,2,67.66199994
07-08-2016,2016,8,Sunday,8,4.15500021,8.199999809,40.20000076,12,0,5,3,80.55500078
08-08-2016,2016,8,Monday,8.340000153,5.989999771,5.5,15,36,0,1,4,75.82999992
09-08-2016,2016,8,Tuesday,6.329999924,4.659999847,7,29,26,1,2,4,79.98999977
10-08-2016,2016,8,Wednesday,11.34000015,2.99000001,7,24.10000038,11,0,3,2,61.43000054
11-08-2016,2016,8,Thursday,5.670000076,3.660000086,0,25,1,0,0,2,37.33000016
12-08-2016,2016,8,Friday,8.659999847,5.659999847,6.099999905,27.60000038,6,4,0,2,60.01999998
13-08-2016,2016,8,Saturday,8,6.736999989,5,32,2,0,0,5,58.73699999
14-08-2016,2016,8,Sunday,5,4.856999874,4.5,18.21666718,2,0,7,0,41.57366705
15-08-2016,2016,8,Monday,5,2.329999924,2,21,11,0,0,2,43.32999992
16-08-2016,2016,8,Tuesday,10,4.659999847,3,14.44999981,4,0,11,3.5,50.60999966
17-08-2016,2016,8,Wednesday,8.659999847,2.00999999,4,9.5,7,0,5,5,41.16999984
18-08-2016,2016,8,Thursday,6.989999771,3.362999916,4,25.60000038,7,0,0,1,47.95300007
19-08-2016,2016,8,Friday,1,4.329999924,0.600000024,27,12,0,0,4,48.92999995
20-08-2016,2016,8,Saturday,4.329999924,2.99000001,6,26.20000076,1,0,0,6,46.5200007
21-08-2016,2016,8,Sunday,8,3.627000093,7.400000095,39,3,4,1,1,67.02700019
22-08-2016,2016,8,Monday,3.339999914,3.385999918,0,23.20000076,3,0,0,6,38.9260006
23-08-2016,2016,8,Tuesday,3,3.065999985,4,14.69999981,7,1,0,1.200000048,33.96599984
24-08-2016,2016,8,Wednesday,9.329999924,3.486999989,8,11.30000019,2,0,0,3,37.1170001
25-08-2016,2016,8,Thursday,4.329999924,2.670000076,8,19.39999962,4,1,4,5,48.39999962
26-08-2016,2016,8,Friday,4,2.023000002,2,20.70000076,3,0,0,0,31.72300076
27-08-2016,2016,8,Saturday,8.829999924,1.735999942,1,17.51666641,2,0,11,0,42.08266628
28-08-2016,2016,8,Sunday,7.329999924,7.019999981,6.199999809,37,3,0,6,2,68.54999971
29-08-2016,2016,8,Monday,9,0.670000017,2,14.19999981,4,0,1,1.299999952,32.16999978
30-08-2016,2016,8,Tuesday,4.659999847,1.320000052,2,8.899999619,4,0,1,0,21.87999952
31-08-2016,2016,8,Wednesday,6,5.827000141,5,23.20000076,3,0,1,5,49.0270009
01-09-2016,2016,9,Thursday,5,3.660000086,5,31.39999962,2,0,0,3,50.0599997
02-09-2016,2016,9,Friday,9.340000153,4.019999981,5,10,25,0,5,2,60.36000013
03-09-2016,2016,9,Saturday,5.329999924,4.025000095,6.5,54.20000076,5,0,4,4,83.05500078
04-09-2016,2016,9,Sunday,8.329999924,4.395999908,0,30.89999962,10,0,4,5,62.62599945
05-09-2016,2016,9,Monday,3.319999933,4.395999908,2,34.29999924,8,2,2,4,60.01599908
06-09-2016,2016,9,Tuesday,5,1.330000043,1,32.79999924,14,3,0,3,60.12999928
07-09-2016,2016,9,Wednesday,2.329999924,2.190000057,3,37.59999847,14,0,0,3,62.11999846
08-09-2016,2016,9,Thursday,6,2.99000001,4,33,8,1,0,0,54.99000001
09-09-2016,2016,9,Friday,4.989999771,3.99000001,3.25,26.12400055,11,2,10,3,64.35400033
10-09-2016,2016,9,Saturday,8.329999924,11.31000042,10,34,9,0,4,3,79.64000034
11-09-2016,2016,9,Sunday,2.660000086,6.989999771,7.099999905,57.20000076,8,0,10,4,95.95000052
12-09-2016,2016,9,Monday,7,6,4,24,10,0,8,4,63
13-09-2016,2016,9,Tuesday,7,5.758999825,4,32,13,0,2,0,63.75899982
14-09-2016,2016,9,Wednesday,6,3.792000055,2.5,24.39999962,7,0,8,2,53.69199967
15-09-2016,2016,9,Thursday,3,6.627999783,2,38,31,0,3,1,84.62799978
16-09-2016,2016,9,Friday,2,1.330000043,4,26.29999924,17,0,3,0,53.62999928
17-09-2016,2016,9,Saturday,6.670000076,3.693000078,2.400000095,56,11,0,5,4.099999905,88.86300015
18-09-2016,2016,9,Sunday,5.989999771,7.320000172,2,24.45000076,4,0,8,1,52.76000071
19-09-2016,2016,9,Monday,4,3.395999908,2.150000095,31,11,2,0,1,54.546
20-09-2016,2016,9,Tuesday,4.670000076,2.792000055,3,33.40000153,14,0,4,1,62.86200166
21-09-2016,2016,9,Wednesday,8.340000153,4.309999943,3.049999952,19.70000076,12,0,3,2,52.40000081
22-09-2016,2016,9,Thursday,6.329999924,2.329999924,2.099999905,29.39999962,6,0,4,3,53.15999937
23-09-2016,2016,9,Friday,2.329999924,6.989999771,6,28.39999962,13,3,7,1,67.71999931
24-09-2016,2016,9,Saturday,2,3.779000044,6.199999809,61.20000076,8,0,1,1,83.17900062
25-09-2016,2016,9,Sunday,6,4.329999924,3,61.125,3,0,10,2,89.45499992
26-09-2016,2016,9,Monday,5.989999771,1,4,57.59999847,4,2,4,1,79.58999825
27-09-2016,2016,9,Tuesday,7,4.670000076,7.400000095,51.70000076,17,3,1,3,94.77000093
28-09-2016,2016,9,Wednesday,13.68000031,1.802000046,5.449999809,64.5,3,0,0,4,92.43200016
29-09-2016,2016,9,Thursday,7.329999924,2,4,50.59999847,4,0,1,1.200000048,70.12999845
30-09-2016,2016,9,Friday,7,5,2.599999905,23.39999962,5,0,10,3,55.99999952
01-10-2016,2016,10,Saturday,7.329999924,7.650000095,1.200000048,54.0379982,5,0,4,2,81.21799827
02-10-2016,2016,10,Sunday,17,4.056000233,9.699999809,80.5,6,0,18,3,138.256
03-10-2016,2016,10,Monday,3.329999924,5.329999924,3,59.66199875,2,2,17,3,95.3219986
04-10-2016,2016,10,Tuesday,6.329999924,2.99000001,6,47.59999847,8,0,10,2.5,83.41999841
05-10-2016,2016,10,Wednesday,4,4,4,78.19999695,8,0,1,1,100.1999969
06-10-2016,2016,10,Thursday,4.329999924,3.99000001,6,44,4,0,3,0,65.31999993
07-10-2016,2016,10,Friday,4.340000153,4.296999931,6,47.625,4,0,0,1,67.26200008
08-10-2016,2016,10,Saturday,7.340000153,6.329999924,5,52.70000076,2,0,6,5,84.37000084
09-10-2016,2016,10,Sunday,6.679999828,5.019999981,5.5,88.40000153,2,0,9,1,117.6000013
10-10-2016,2016,10,Monday,2,5.065999985,5,31.60000038,1,0,3,1,48.66600037
11-10-2016,2016,10,Tuesday,7.329999924,2.405999899,11.64999962,52.59999847,54.83333206,1,8,1,138.81933
12-10-2016,2016,10,Wednesday,8.329999924,2.372999907,2,45.75,18,1,17,2,96.45299983
13-10-2016,2016,10,Thursday,4.659999847,4.329999924,3.200000048,42.20000076,20,0,3,2.299999952,79.69000053
14-10-2016,2016,10,Friday,7,4,3,38.70000076,22,0,9,1,84.70000076
15-10-2016,2016,10,Saturday,4,5.96999979,3.349999905,47.20000076,16,1,13,1,91.52000046
16-10-2016,2016,10,Sunday,8.329999924,5.122000217,10,89.30000305,3,0,6,5,126.7520032
17-10-2016,2016,10,Monday,2,5,5,50.79999924,1,0,9,1,73.79999924
18-10-2016,2016,10,Tuesday,3,5.056000233,9,42.09999847,9,3,7,3.099999905,81.25599861
19-10-2016,2016,10,Wednesday,4.329999924,6.659999847,5,26.70000076,11,0,2,1,56.69000053
20-10-2016,2016,10,Thursday,1.639999986,5.659999847,6,52.5,2,0,2,2,71.79999983
21-10-2016,2016,10,Friday,8.659999847,3.825000048,0,40.79999924,5,0,6,2,66.28499913
22-10-2016,2016,10,Saturday,7,2.670000076,4,29.70000076,3,0,10,4,60.37000084
23-10-2016,2016,10,Sunday,12.32999992,5.78000021,3.799999952,51.21666718,10,0,11,2,96.12666726
24-10-2016,2016,10,Monday,2.660000086,3.023000002,7.5,37,1,1,2,1,55.18300009
25-10-2016,2016,10,Tuesday,4.329999924,4.572000027,5.400000095,62.40000153,10,0,7,0,93.70200157
26-10-2016,2016,10,Wednesday,2.329999924,2.397000074,6,28.39999962,10,0,2,1,52.12699962
27-10-2016,2016,10,Thursday,6.5,2.023000002,3,32.20000076,10,2,4,0,59.72300076
28-10-2016,2016,10,Friday,7,3.779999971,6,34.40000153,9,0,5,0,65.1800015
29-10-2016,2016,10,Saturday,15.32999992,4.539999962,6.099999905,78.5,23,0,9,5,141.4699998
30-10-2016,2016,10,Sunday,4.659999847,10.31999969,5.75,73.09999847,5,0,0,2,100.829998
31-10-2016,2016,10,Monday,2.660000086,3.819999933,3,43.79999924,6,0,17,5,81.27999926
01-11-2016,2016,11,Tuesday,2.329999924,1.702999949,4,25.89999962,18,0,6,3,60.93299949
02-11-2016,2016,11,Wednesday,4,3.703000069,4.099999905,42.20000076,1,0,2,3,60.00300074
03-11-2016,2016,11,Thursday,2,1,3,42.5,3,0,0,1,52.5
04-11-2016,2016,11,Friday,8.329999924,4.373000145,3.599999905,24.29999924,14,1,6,4.199999809,65.80299902
05-11-2016,2016,11,Saturday,7.666666508,3.019999981,5.800000191,35.40000153,9,0,0,2,62.88666821
06-11-2016,2016,11,Sunday,8,4.340000153,3,42.45000076,3,2,11,5,78.79000092
07-11-2016,2016,11,Monday,5,2.726000071,6.300000191,35,9,0,5,1,64.02600026
08-11-2016,2016,11,Tuesday,7,2.349999905,8,20,19.16666603,2,8,3,69.51666594
09-11-2016,2016,11,Wednesday,2.339999914,5.659999847,1.399999976,25,18,0,4,0,56.39999974
10-11-2016,2016,11,Thursday,7.329999924,6.329999924,7,31.10000038,5,2,12,3.400000095,74.16000032
11-11-2016,2016,11,Friday,10.65999985,1.758999944,4,33,6,0,1,1,57.41899979
12-11-2016,2016,11,Saturday,8,3.825000048,7,56.5,10,0,1,1.200000048,87.5250001
13-11-2016,2016,11,Sunday,6,11.31999969,3.599999905,60.20000076,0,0,5,1,87.12000036
14-11-2016,2016,11,Monday,10,4.725999832,3.799999952,50.5,5,3,1,1,79.02599978
15-11-2016,2016,11,Tuesday,5.329999924,0.330000013,4,30.10000038,27,5,5,1,77.76000032
16-11-2016,2016,11,Wednesday,4,3.167000055,4,38.91199875,5,0,10,1,66.0789988
17-11-2016,2016,11,Thursday,5,2.726000071,5.699999809,41.40000153,0,0,1,1.399999976,57.22600138
18-11-2016,2016,11,Friday,1.330000043,4.329999924,6.25,31,7,1,2,2,54.90999997
19-11-2016,2016,11,Saturday,5,2.700000048,4,35.40000153,3,0,3,2,55.10000157
20-11-2016,2016,11,Sunday,7,4.340000153,5,25.5,3,0,0,2,46.84000015
21-11-2016,2016,11,Monday,1.340000033,3.339999914,5.25,30,1,0,13,3,56.92999995
22-11-2016,2016,11,Tuesday,4.010000229,4.703000069,1.100000024,23,3,2,7,2,46.81300032
23-11-2016,2016,11,Wednesday,3,4.329999924,3.700000048,44.12400055,5,0,0,1,61.15400052
24-11-2016,2016,11,Thursday,8.670000076,4.333000183,6,28,2,0,10,3,62.00300026
25-11-2016,2016,11,Friday,7.340000153,5,7,21,20,4,5,1,70.34000015
26-11-2016,2016,11,Saturday,3.329999924,5,4,36,9,3,12,2,74.32999992
27-11-2016,2016,11,Sunday,9.329999924,5.69299984,3.900000095,61,5,0,1,0,85.92299986
28-11-2016,2016,11,Monday,4.5,1.363000035,2.049999952,23,5,0,12,0,47.91299999
29-11-2016,2016,11,Tuesday,5.679999828,5.670000076,3,45.59999847,6,2,0,0,67.94999838
30-11-2016,2016,11,Wednesday,3.329999924,2.99000001,4.300000191,24.60000038,13,0,7,0,55.22000051
01-12-2016,2016,12,Thursday,4.5,2.362999916,1.5,55.66199875,8,0,9,0,81.02499866
02-12-2016,2016,12,Friday,6,1.075999975,3.200000048,43,14,0,26,0.200000003,93.47600003
03-12-2016,2016,12,Saturday,3.170000076,2.680000067,3,43.29999924,2,0,1,4,59.14999938
04-12-2016,2016,12,Sunday,7,9.123000145,2.900000095,67,4,0,0,0,90.02300024
05-12-2016,2016,12,Monday,9.5,1.679999948,4,23,6,1,13,2,60.17999995
06-12-2016,2016,12,Tuesday,6,5.090000153,4.400000095,27.20000076,4,0,20,1,67.69000101
07-12-2016,2016,12,Wednesday,4.340000153,2.726000071,1.700000048,47,8,3,7,3,76.76600027
08-12-2016,2016,12,Thursday,5.670000076,1.669999957,5,35.70000076,9,0,2,0,59.0400008
09-12-2016,2016,12,Friday,5.659999847,1.669999957,4,35.06200027,2,0,0,2,50.39200008
10-12-2016,2016,12,Saturday,7.340000153,6.329999924,10.10000038,45.40000153,1,0,15,2,87.17000198
11-12-2016,2016,12,Sunday,3.339999914,4.725999832,8.550000191,62.06200027,7,0,14,1,100.6780002
12-12-2016,2016,12,Monday,3.660000086,2.428999901,3.099999905,44.5,28.33333397,3,21,4,110.0223339
13-12-2016,2016,12,Tuesday,1,4,5.099999905,43.59999847,0,0,18,0,71.69999838
14-12-2016,2016,12,Wednesday,5.829999924,3.779999971,5.650000095,32.20000076,21,0,10,1.200000048,79.6600008
15-12-2016,2016,12,Thursday,9.659999847,3.329999924,1,22.79999924,8,0,5,1,50.78999901
16-12-2016,2016,12,Friday,7.329999924,6.320000172,2.200000048,39.77500153,8,3,23,1,90.62500167
17-12-2016,2016,12,Saturday,5.989999771,2.660000086,4.150000095,59.95000076,10,0,6,1,89.75000072
18-12-2016,2016,12,Sunday,1.669999957,5.019999981,4.199999809,60.70000076,13,0,5,1,90.59000051
19-12-2016,2016,12,Monday,0,0,0,0,0,0,0,0,0
20-12-2016,2016,12,Tuesday,6.329999924,3.660000086,4,46,12,2,1,0,74.99000001
21-12-2016,2016,12,Wednesday,1.340000033,2.812000036,0.25,37,5,0,6,2.5,54.90200007
22-12-2016,2016,12,Thursday,4.340000153,4.164999962,3.799999952,38.40000153,1,0,5,0,56.70500159
23-12-2016,2016,12,Friday,5.329999924,4.670000076,1.149999976,32,6,0,8,2,59.14999998
24-12-2016,2016,12,Saturday,6.329999924,6.699999809,4.199999809,82,4,1,2,1,107.2299995
25-12-2016,2016,12,Sunday,2.329999924,7.626999855,5.699999809,79.80000305,0,0,9,1,105.4570026
26-12-2016,2016,12,Monday,10.32999992,4.659999847,2,58.92399979,6,0,2,2,85.91399956
27-12-2016,2016,12,Tuesday,6,5,0.416666657,54.20000076,8,2,13,0,88.61666742
28-12-2016,2016,12,Wednesday,4.340000153,6.329999924,6.449999809,57.20000076,7,0,13,0,94.32000065
29-12-2016,2016,12,Thursday,11,6.010000229,6.349999905,81.19999695,4,3,6,2,119.5599971
30-12-2016,2016,12,Friday,5.659999847,8.989999771,7.300000191,161,13,0,3,0,198.9499998
31-12-2016,2016,12,Saturday,8.329999924,7.758999825,7.449999809,108.6999969,7,0,12,0,151.2389965
01-01-2017,2017,1,Sunday,3.543750048,3.956249952,1.5625,25.67499924,8.75,1.875,0,0.625,45.98749924
02-01-2017,2017,1,Monday,0.212500006,0.637499988,0.625,32,0,0.625,0,3.125,37.22499999
03-01-2017,2017,1,Tuesday,6.25,5.831250191,4.625,66.8125,8.75,0,0,1.875,94.14375019
04-01-2017,2017,1,Wednesday,6.804166794,5.970833302,6.416666508,56.76666641,10,1.25,5,2.916666746,95.12499976
05-01-2017,2017,1,Thursday,7.504166603,7.879166603,5.208333492,62.20833206,14.58333302,0,0,2.5,99.88333178
06-01-2017,2017,1,Friday,4.583333492,3.049999952,5.625,65.5625,10.83333302,0,0,2.5,92.15416646
07-01-2017,2017,1,Saturday,2.916666746,5.154166698,5.958333492,34.625,8.75,0,0,0,57.40416694
08-01-2017,2017,1,Sunday,5.416666508,1.859583378,5.083333492,25.375,10,2.083333254,0,1.666666627,51.48458326
09-01-2017,2017,1,Monday,3.887500048,4.05708313,2.583333254,56.125,9.166666985,0.416666657,0,2.083333254,78.31958333
10-01-2017,2017,1,Tuesday,6.387499809,4.738749981,13.29166698,54.25,25,1.666666627,0,0.833333313,106.1679167
11-01-2017,2017,1,Wednesday,9.308333397,5.501666546,9.166666985,51.04166794,20,1.25,0,2.916666746,99.18500161
12-01-2017,2017,1,Thursday,8.333333015,5.196666718,8.75,65.9375,14.16666698,1.25,0,1.666666627,105.3008333
13-01-2017,2017,1,Friday,6.804166794,3.891666651,9.541666985,54.41666794,19.58333397,0,0,1.333333373,95.57083571
14-01-2017,2017,1,Saturday,5.974999905,4.364583492,7.708333492,47.91666794,16.66666603,0.833333313,0,2.083333254,85.54791743
15-01-2017,2017,1,Sunday,8.050000191,6.525000095,9.083333015,38.79166794,15.41666698,0,0,1.25,79.11666822
16-01-2017,2017,1,Monday,6.670833111,4.029166698,8.041666985,63.5625,12.5,0.416666657,0,2.083333254,97.3041667
17-01-2017,2017,1,Tuesday,7.224999905,4.139166832,5.291666508,48.45833206,13.33333302,1.666666627,0,2.5,82.61416495
18-01-2017,2017,1,Wednesday,6.741666794,4.445833206,6.5,45.95833206,16.66666603,1.25,0,0.833333313,82.39583141
19-01-2017,2017,1,Thursday,5,5.699999809,7.833333492,37.75,15.83333302,0,0,3.333333254,75.44999957
20-01-2017,2017,1,Friday,3.608333349,4.738749981,4.125,37.625,23.33333397,2.916666746,0,2.5,78.84708405
21-01-2017,2017,1,Saturday,5.695833206,2.400000095,4.583333492,50.20833206,15,2.083333254,0,2.916666746,82.88749886
22-01-2017,2017,1,Sunday,4.512499809,5.007500172,5.125,37.02083206,19.16666603,1.25,0,1.666666627,73.7491647
23-01-2017,2017,1,Monday,5.137499809,4.505000114,6.291666508,41.75,15.83333302,0.833333313,0,1.666666627,76.01749939
24-01-2017,2017,1,Tuesday,6.112500191,5.770833492,10.95833302,40.08333206,11.25,0,10,2.916666746,87.09166551
25-01-2017,2017,1,Wednesday,7.779166698,5.108333111,7.666666508,51.1875,18.75,2.083333254,0,2.291666746,94.86666632
26-01-2017,2017,1,Thursday,5.979166508,5.224583149,7.041666508,36.625,13.75,0.833333313,0,0,69.45374948
27-01-2017,2017,1,Friday,7.849999905,7.541250229,5.166666508,42.60916519,21.25,2.083333254,0,1.25,87.75041509
28-01-2017,2017,1,Saturday,5.970833302,6.112500191,2.25,32.08333206,9.166666985,0,0,1.25,56.83333254
29-01-2017,2017,1,Sunday,5.141666889,7.783333302,5.333333492,54.16666794,15.83333302,2.5,0,3.333333254,94.09166789
30-01-2017,2017,1,Monday,8.058333397,5.616250038,7,35.51750183,17.08333397,4.166666508,0,4.166666508,81.60875225
31-01-2017,2017,1,Tuesday,4.441666603,4.254583359,2.833333254,47.25,13.33333302,0.833333313,0,1.666666627,74.61291617
01-02-2017,2017,2,Wednesday,7.375,5.188333511,6.041666508,31.625,10.83333302,0.416666657,0,2.083333254,63.56333295
02-02-2017,2017,2,Thursday,8.195833206,6.211666584,6.416666508,42.29166794,9.166666985,0.416666657,0,0.833333313,73.53250119
03-02-2017,2017,2,Friday,7.637499809,6.25541687,9,42.90083313,15.83333302,2.5,0,0.833333313,84.96041614
04-02-2017,2017,2,Saturday,7.779166698,4.166666508,4.416666508,27.70833397,12.08333302,0.833333313,0,3.75,60.73750001
05-02-2017,2017,2,Sunday,10.67000008,10.72500038,5,38.59999847,1,0,11,1.100000024,78.09499896
06-02-2017,2017,2,Monday,10,5,4.400000095,13,3,2,5,0,42.4000001
07-02-2017,2017,2,Tuesday,3,0.330000013,3.5,13.80000019,3,0,7,2,32.6300002
08-02-2017,2017,2,Wednesday,11,1.669999957,4,36,7,0,10,2,71.66999996
09-02-2017,2017,2,Thursday,3.982500076,1.75999999,4,20.39999962,6,0,0,1,37.14249969
10-02-2017,2017,2,Friday,4.010000229,3.339999914,4.75,23.20000076,5,0,2,0,42.30000091
11-02-2017,2017,2,Saturday,5.329999924,6.320000172,5.099999905,12.39999962,11,1,1,3,45.14999962
12-02-2017,2017,2,Sunday,10,10.67000008,7.800000191,27.39999962,4,0,2,1,62.86999989
13-02-2017,2017,2,Monday,0,0,0,0,0,0,0,0,0
14-02-2017,2017,2,Tuesday,4.329999924,5,2.099999905,22,0,0,1,1,35.42999983
15-02-2017,2017,2,Wednesday,6,2.670000076,2,19.20000076,1,0,1,1,32.87000084
16-02-2017,2017,2,Thursday,3.660000086,4.659999847,1,31.60000038,2,0,0,3,45.92000031
17-02-2017,2017,2,Friday,3,2.802000046,2.099999905,12.25,4,0,8,1.200000048,33.352
18-02-2017,2017,2,Saturday,7,4,2.349999905,30,10,0,0,3.099999905,56.44999981
19-02-2017,2017,2,Sunday,3.339999914,3.516000032,2.200000048,13,1,0,8,1,32.05599999
20-02-2017,2017,2,Monday,5,3.75999999,4.5,33.09999847,2,0,1,3,52.35999846
21-02-2017,2017,2,Tuesday,5,4.15500021,4,22.89999962,14,0,8,1,59.05499983
22-02-2017,2017,2,Wednesday,3.670000076,2.428999901,7.199999809,21.10000038,9,0,5,0,48.39900017
23-02-2017,2017,2,Thursday,6.670000076,5.670000076,4.050000191,24.10000038,5,1,8,2,56.49000072
24-02-2017,2017,2,Friday,1,4.670000076,4,29.79999924,10,1,7,1,58.46999931
25-02-2017,2017,2,Saturday,6,6.340000153,5.25,24,6.875,0,2,0,50.46500015
26-02-2017,2017,2,Sunday,5.329999924,5.329999924,3.200000048,15.69999981,3,0,5,1.200000048,38.75999975
27-02-2017,2017,2,Monday,5.670000076,3.680000067,7,16.39999962,14,0,7,2,55.74999976
28-02-2017,2017,2,Tuesday,5.340000153,5.019999981,7.5,26.39999962,9,2,18,0,73.25999975
01-03-2017,2017,3,Wednesday,4,4.659999847,5,15.10000038,17,0,5,2,52.76000023
02-03-2017,2017,3,Thursday,5,7.130000114,3,13,1,1,1,2,33.13000011
03-03-2017,2017,3,Friday,9,2.99000001,4,12.89999962,9,1,6,4,48.88999963
04-03-2017,2017,3,Saturday,5.010000229,3.670000076,3.099999905,17,0,0,5,4.5,38.28000021
05-03-2017,2017,3,Sunday,12.32999992,4.329999924,5,33.90000153,3,0,6,5,69.56000137
06-03-2017,2017,3,Monday,6.829999924,2.329999924,1.100000024,19.60000038,1,0,0,3,33.86000025
07-03-2017,2017,3,Tuesday,2.339999914,5.329999924,6.5,15,4,0,0,2,35.16999984
08-03-2017,2017,3,Wednesday,1,2.339999914,0,15.19999981,4,0,0,3,25.53999972
09-03-2017,2017,3,Thursday,11.32999992,2.329999924,6,26.89999962,6,1,0,2.5,56.05999947
10-03-2017,2017,3,Friday,2,4.329999924,4.599999905,26.29999924,8,1,0,1,47.22999907
11-03-2017,2017,3,Saturday,6.329999924,4.065999985,6,20.10000038,2,1,5,3.5,47.99600029
12-03-2017,2017,3,Sunday,7.679999828,7.010000229,2,48,6,4,15,2,91.69000006
13-03-2017,2017,3,Monday,2.329999924,0.680000007,2.700000048,17.79999924,2,0,10,0,35.50999922
14-03-2017,2017,3,Tuesday,2.670000076,1.340000033,3,15,5,0,5,1,33.01000011
15-03-2017,2017,3,Wednesday,3.660000086,1.702999949,2.5,14.60000038,4,0,0,0,26.46300042
16-03-2017,2017,3,Thursday,6,4.056000233,4.75,28.20000076,4,0,1,3,51.006001
17-03-2017,2017,3,Friday,4.329999924,2.802000046,0,11,14,0,3,3,38.13199997
18-03-2017,2017,3,Saturday,5,4.380000114,4.25,20.39999962,3,0,1,1,39.02999973
19-03-2017,2017,3,Sunday,10,3.693000078,2,39.09999847,3,0,5,3,65.79299855
20-03-2017,2017,3,Monday,1.659999967,6.683000088,4.699999809,16.10000038,3,0,7,3,42.14300025
21-03-2017,2017,3,Tuesday,9.159999847,2.029999971,2.200000048,12.60000038,4,0,1,5.300000191,36.29000044
22-03-2017,2017,3,Wednesday,1.659999967,5.022999763,2,16.39999962,7,0,2,2,36.08299935
23-03-2017,2017,3,Thursday,7.340000153,2.132999897,1,13.30000019,8,0,6,3.5,41.27300024
24-03-2017,2017,3,Friday,1.669999957,3,4.5,12.30000019,7,0,5,6.300000191,39.77000034
25-03-2017,2017,3,Saturday,10,5.489999771,1,33.29999924,3,0,0,4,56.78999901
26-03-2017,2017,3,Sunday,5.340000153,5.360000134,3.450000048,18,4,0,10,8,54.15000033
27-03-2017,2017,3,Monday,4.840000153,3.463000059,3.5,14.80000019,5,0,1,4,36.6030004
28-03-2017,2017,3,Tuesday,2.670000076,2.670000076,7,22,14,0,0,6,54.34000015
29-03-2017,2017,3,Wednesday,6.340000153,1.340000033,4,12.89999962,3,0,7,4.5,39.0799998
30-03-2017,2017,3,Thursday,1.330000043,2.693000078,5,9.5,9,0,0,2,29.52300012
31-03-2017,2017,3,Friday,4,2,3.5,22.20000076,2,0,2,6,41.70000076
01-04-2017,2017,4,Saturday,2.329999924,2,2,34,2,0,1,3,46.32999992
02-04-2017,2017,4,Sunday,6.670000076,4.22300005,4,23,4,0,9,12.39999962,63.29299974
03-04-2017,2017,4,Monday,6.329999924,1,5.599999905,25.60000038,8,0,20,3,69.53000021
04-04-2017,2017,4,Tuesday,0.330000013,1.032999992,2.200000048,8,2,0,5,5.5,24.06300005
05-04-2017,2017,4,Wednesday,5,0.231000006,0.200000003,13.60000038,9,2,6,1,37.03100039
06-04-2017,2017,4,Thursday,5,0.660000026,3.099999905,10.89999962,4,1,0,1,25.65999955
07-04-2017,2017,4,Friday,3.5,4,2,16,5,0,5,5,40.5
08-04-2017,2017,4,Saturday,7.510000229,8.758999825,2.049999952,23,3,0,11,6,61.31900001
09-04-2017,2017,4,Sunday,4.989999771,5.340000153,8.25,22,3,0,0,1,44.57999992
10-04-2017,2017,4,Monday,8.659999847,1.363000035,1.049999952,27.5,1,0,4,4,47.57299984
11-04-2017,2017,4,Tuesday,4,2.329999924,3,17,5,0,11,1,43.32999992
12-04-2017,2017,4,Wednesday,11.98999977,3.319999933,3.349999905,11,10,2,10,4,55.65999961
13-04-2017,2017,4,Thursday,5,2.438999891,2,30.89999962,1,0,2,5,48.33899951
14-04-2017,2017,4,Friday,7.340000153,4.980000019,5,13,3,0,16,4,53.32000017
15-04-2017,2017,4,Saturday,11.67000008,1.472000003,4,27.25,1,0,15,5.199999809,65.59199989
16-04-2017,2017,4,Sunday,0,0,0,0,0,0,0,0,0
17-04-2017,2017,4,Monday,4,3.99000001,1.899999976,18.39999962,1,0,5,1,35.2899996
18-04-2017,2017,4,Tuesday,7.329999924,4.670000076,6.300000191,15.39999962,8,1,2,2,46.69999981
19-04-2017,2017,4,Wednesday,1,3.405999899,5,14,2,0,0,1,26.4059999
20-04-2017,2017,4,Thursday,4.659999847,2.329999924,5,9.399999619,10,0,7,2,40.38999939
21-04-2017,2017,4,Friday,3.670000076,2.339999914,2.400000095,29,3,0,0,3,43.41000009
22-04-2017,2017,4,Saturday,2.640000105,4.659999847,2.799999952,19,7,1,1,2,40.0999999
23-04-2017,2017,4,Sunday,9,5.415999889,3.599999905,25.5,7,0,1,5,56.51599979
24-04-2017,2017,4,Monday,9.329999924,3.809999943,8,13.14999962,9,0,1,5,49.28999949
25-04-2017,2017,4,Tuesday,8,2.99000001,2.200000048,24,4,0,26,5,72.19000006
26-04-2017,2017,4,Wednesday,3,4,3.5,10.19999981,3,0,1,8.300000191,33
27-04-2017,2017,4,Thursday,3.329999924,3.736999989,2.299999952,11,10,1,0,10,41.36699986
28-04-2017,2017,4,Friday,3.329999924,3.670000076,5.099999905,15.39999962,2,0,7,7,43.49999952
29-04-2017,2017,4,Saturday,5,9,2.299999952,15,3,1,1,8,44.29999995
30-04-2017,2017,4,Sunday,1,4.046000004,2.299999952,18,2,0,12,2,41.34599996
01-05-2017,2017,5,Monday,0.340000004,1,1,1.200000048,0,0,0,1,4.540000051
02-05-2017,2017,5,Tuesday,2,6.032999992,1,23,5,0,6,5,48.03299999
03-05-2017,2017,5,Wednesday,1.330000043,3.339999914,6,18.20000076,6,0,20,2,56.87000072
04-05-2017,2017,5,Thursday,5.670000076,5.659999847,1,11.60000038,4,0,2,4.099999905,34.03000021
05-05-2017,2017,5,Friday,2.339999914,5.329999924,1.149999976,6.599999905,8,0,12,3,38.41999972
06-05-2017,2017,5,Saturday,7.329999924,2.362999916,4.400000095,14,4,0,0,6,38.09299994
07-05-2017,2017,5,Sunday,6.329999924,3.670000076,4.5,18.25,3,0,4,4,43.75
08-05-2017,2017,5,Monday,2.329999924,3.660000086,1,8,8,3,1,5.599999905,32.58999991
09-05-2017,2017,5,Tuesday,7.329999924,4,4.099999905,11,4,0,2,3,35.42999983
10-05-2017,2017,5,Wednesday,8.659999847,0.397000015,9,15,4,0,14,7,58.05699986
11-05-2017,2017,5,Thursday,6,6.69299984,3,16,6,2,1,10,50.69299984
12-05-2017,2017,5,Friday,4.989999771,4.703000069,6,16.39999962,4,9,0,6,51.09299946
13-05-2017,2017,5,Saturday,5,2.362999916,6,12,4,0,1,7,37.36299992
14-05-2017,2017,5,Sunday,4.670000076,2.075999975,2.849999905,31.5,6,0,5,2.099999905,54.19599986
15-05-2017,2017,5,Monday,5.340000153,4.703000069,2,17,0,3,3,7,42.04300022
16-05-2017,2017,5,Tuesday,2.329999924,5.659999847,1.5,16.20000076,2,0,6,7,40.69000053
17-05-2017,2017,5,Wednesday,6.340000153,4.840000153,0,9,5,0,0,2,27.18000031
18-05-2017,2017,5,Thursday,3.329999924,5.010000229,4,28.20000076,4,0,0,3,47.54000092
19-05-2017,2017,5,Friday,4.340000153,3.440000057,2.200000048,31.60000038,11,0,0,10,62.58000064
20-05-2017,2017,5,Saturday,3.99000001,4.712999821,0.25,16.39999962,5,0,6,6,42.35299945
21-05-2017,2017,5,Sunday,6,3.042999983,1.25,32.20000076,5,0,12,4,63.49300075
22-05-2017,2017,5,Monday,5.329999924,1.340000033,4.400000095,22.39999962,5,0,7,11,56.46999967
23-05-2017,2017,5,Tuesday,3,2.405999899,5,11,9,0,2,7,39.4059999
24-05-2017,2017,5,Wednesday,6.679999828,3.339999914,3,14.19999981,9,0,4,4.710000038,44.92999959
25-05-2017,2017,5,Thursday,5.659999847,5.360000134,2,18.20000076,3,0,2,4.300000191,40.52000093
26-05-2017,2017,5,Friday,2.339999914,3.670000076,5,29,4,0,8,2,54.00999999
27-05-2017,2017,5,Saturday,7.329999924,3.220999956,2,23.39999962,5,0,0,10,50.9509995
28-05-2017,2017,5,Sunday,1.99000001,6.243000031,2.450000048,11.18999958,2,0,0,3,26.87299967
29-05-2017,2017,5,Monday,3.339999914,4.022999763,1.600000024,28,4,2,4,5,51.9629997
30-05-2017,2017,5,Tuesday,8,3.395999908,4.300000191,25,3,0,5,5,53.6960001
31-05-2017,2017,5,Wednesday,4,2.428999901,7,12.19999981,6,4,1,5,41.62899971
01-06-2017,2017,6,Thursday,1.340000033,3.670000076,2,21.39999962,10,0,2,2,42.40999973
02-06-2017,2017,6,Friday,2.329999924,4,4,17.39999962,9,1,5,3,45.72999954
03-06-2017,2017,6,Saturday,5,1.725999951,3,10,3,1,22,2,47.72599995
04-06-2017,2017,6,Sunday,7,1.746999979,2.25,23.39999962,3,1,5,4,47.3969996
05-06-2017,2017,6,Monday,3.329999924,5.989999771,4.5,9.699999809,5,0,0,8,36.5199995
06-06-2017,2017,6,Tuesday,1,3,0,18,3,0,6,7.5,38.5
07-06-2017,2017,6,Wednesday,5.329999924,4.69299984,4,21,13,0,20,7,75.02299976
08-06-2017,2017,6,Thursday,5,1.822999954,3.150000095,21,4,0,2,4.199999809,41.17299986
09-06-2017,2017,6,Friday,1.330000043,4.090000153,3.099999905,10,2,0,0,6,26.5200001
10-06-2017,2017,6,Saturday,9,7.010000229,4,15,2,0,7,3,47.01000023
11-06-2017,2017,6,Sunday,5.5,3.99000001,8.5,28.25,8,0,2,3,59.24000001
12-06-2017,2017,6,Monday,4.340000153,3.339999914,1,13.60000038,3,0,13,12,50.28000045
13-06-2017,2017,6,Tuesday,2.99000001,3.023000002,3,8,9,0,0,9.100000381,35.11300039
14-06-2017,2017,6,Wednesday,1.330000043,1.330000043,1,9,6,3,5,3,29.66000009
15-06-2017,2017,6,Thursday,3,4.329999924,3.150000095,15,10,0,5,6.5,46.98000002
16-06-2017,2017,6,Friday,4,2.00999999,0,12.25,6,0,0,5.440000057,29.70000005
17-06-2017,2017,6,Saturday,2,8.725999832,5,12,4,0,5,5,41.72599983
18-06-2017,2017,6,Sunday,4,7.340000153,1.100000024,26.60000038,2,0,12,3.329999924,56.37000048
19-06-2017,2017,6,Monday,1.330000043,1.980000019,1,18,1,1,8,3,35.31000006
20-06-2017,2017,6,Tuesday,9.329999924,1,5.099999905,12,5,0,5,8.630000114,46.05999994
21-06-2017,2017,6,Wednesday,4,1.330000043,2,21,4,0,2,5.400000095,39.73000014
22-06-2017,2017,6,Thursday,1,3.339999914,0,7,4,0,8,11,34.33999991
23-06-2017,2017,6,Friday,1,1.340000033,2,16,5,0,0,1.200000048,26.54000008
24-06-2017,2017,6,Saturday,5,3.650000095,6,32,8,1,0,1,56.6500001
25-06-2017,2017,6,Sunday,6.5,2.339999914,6,22,4,0,0,4.599999905,45.43999982
26-06-2017,2017,6,Monday,7.679999828,3.032999992,6.25,10,11,0,0,3,40.96299982
27-06-2017,2017,6,Tuesday,4,3.319999933,6,13.5,9,0,3,6,44.81999993
28-06-2017,2017,6,Wednesday,4,4.032999992,4.5,18,7,0,5,3,45.53299999
29-06-2017,2017,6,Thursday,4,3.670000076,6,17,1,0,21,5,57.67000008
30-06-2017,2017,6,Friday,6.670000076,2.131999969,2,18,2,0,0,6,36.80200005
01-07-2017,2017,7,Saturday,3.329999924,2.329999924,1,10,5,0,10,4,35.65999985
02-07-2017,2017,7,Sunday,5,3.680000067,2,9,6,0,0,4,29.68000007
03-07-2017,2017,7,Monday,3.670000076,0,1.5,8,11,0,11,0,35.17000008
04-07-2017,2017,7,Tuesday,10.67000008,2.339999914,5,18,7,0,0,6,49.00999999
05-07-2017,2017,7,Wednesday,4.5,1.659999967,2,16,20,0,22,6,72.15999997
06-07-2017,2017,7,Thursday,4.329999924,7,4,20.60000038,3,1,1,1,41.93000031
07-07-2017,2017,7,Friday,5,2,4.099999905,17,6,0,1,0,35.0999999
08-07-2017,2017,7,Saturday,4.989999771,4.089000225,5,16,12,0,1,3,46.079
09-07-2017,2017,7,Sunday,2.329999924,7.159999847,0.5,15,4,0,1,4,33.98999977
10-07-2017,2017,7,Monday,2,4.353000164,4,12,5,2,7,3,39.35300016
11-07-2017,2017,7,Tuesday,3.339999914,0.680000007,0,18,2,0,7,2,33.01999992
12-07-2017,2017,7,Wednesday,2,5.340000153,0,15.39999962,12,0,3,0,37.73999977
13-07-2017,2017,7,Thursday,3.329999924,3.339999914,2.150000095,9.600000381,5,3,3,2,31.42000031
14-07-2017,2017,7,Friday,2.329999924,3.759000063,2,16,8,0,5,3,40.08899999
15-07-2017,2017,7,Saturday,3.329999924,9.340000153,3,21,3,0,0,2,41.67000008
16-07-2017,2017,7,Sunday,11.34000015,9.340000153,3,19,6,0,0,1,49.68000031
17-07-2017,2017,7,Monday,9,4.747000217,3,16.39999962,6,2,4,3,48.14699984
18-07-2017,2017,7,Tuesday,9.670000076,5.670000076,1.5,14,8,0,20,4,62.84000015
19-07-2017,2017,7,Wednesday,6.329999924,3.660000086,4,20.60000038,6,3,1,6,50.59000039
20-07-2017,2017,7,Thursday,5,4,3,18,11,2,2,2,47
21-07-2017,2017,7,Friday,2.329999924,1,3,14,5,0,0,3,28.32999992
22-07-2017,2017,7,Saturday,3,5.690000057,5,22,3,1,0,2,41.69000006
23-07-2017,2017,7,Sunday,6.5,2.428999901,2,12,4,0,4,5,35.9289999
24-07-2017,2017,7,Monday,3.839999914,1,2.099999905,15,6,0,0,3,30.93999982
25-07-2017,2017,7,Tuesday,6.340000153,2.349999905,2,14,5,0,6,0.100000001,35.79000006
26-07-2017,2017,7,Wednesday,3.329999924,6.778999805,3,15,11,1,1,1,42.10899973
27-07-2017,2017,7,Thursday,5,0.670000017,0,12.39999962,8,0,0,1,27.06999964
28-07-2017,2017,7,Friday,4,5,1.100000024,17.20000076,10,0,0,3,40.30000079
29-07-2017,2017,7,Saturday,3,3.329999924,2,14.14999962,1,0,0,4,27.47999954
30-07-2017,2017,7,Sunday,4.125,2.660000086,2,13,11,0,0,1,33.78500009
31-07-2017,2017,7,Monday,7.340000153,0.810000002,2.25,21,9,0,5,2,47.40000015
01-08-2017,2017,8,Tuesday,7.329999924,3.329999924,2,15.60000038,3,0,1,1,33.26000023
02-08-2017,2017,8,Wednesday,6,2.660000086,1,25,2,0,1,4,41.66000009
03-08-2017,2017,8,Thursday,6.329999924,0.660000026,4,10,8,0,1,3,32.98999995
04-08-2017,2017,8,Friday,8,4,1,15,11,2,5,2,48
05-08-2017,2017,8,Saturday,4.659999847,2.471999884,2,13.31200027,2,0,0,2,26.44400001
06-08-2017,2017,8,Sunday,2,3.428999901,1,13,6,0,0,3,28.4289999
07-08-2017,2017,8,Monday,1,5.340000153,3.099999905,16,9,2,0,0,36.44000006
08-08-2017,2017,8,Tuesday,6,1.702999949,2.099999905,11.18799973,8,0,0,4.199999809,33.19099939
09-08-2017,2017,8,Wednesday,2.329999924,5.099999905,3.150000095,13,15,0,2,2.200000048,42.77999997
10-08-2017,2017,8,Thursday,0,3.99000001,4,9,19,0,3,1.100000024,40.09000003
11-08-2017,2017,8,Friday,4.329999924,1.649999976,5.099999905,8,6,3,0,0,28.0799998
12-08-2017,2017,8,Saturday,2.690000057,4.93900013,2.5,22.60000038,4,0,6,2,44.72900057
13-08-2017,2017,8,Sunday,3.660000086,3.650000095,2.049999952,24,5,0,1,1,40.36000013
14-08-2017,2017,8,Monday,11.34000015,2.066999912,4,13,4,0,0,2,36.40700006
15-08-2017,2017,8,Tuesday,2.329999924,6.703000069,2.150000095,35,11,0,2,3,62.18300009
16-08-2017,2017,8,Wednesday,5.329999924,3.670000076,1,10.44999981,13,0,4,2,39.44999981
17-08-2017,2017,8,Thursday,5.159999847,1.330000043,5,12,8,0,1,1.5,33.98999989
18-08-2017,2017,8,Friday,2.329999924,3.99000001,3,15,4,0,0,3,31.31999993
19-08-2017,2017,8,Saturday,5,4.712999821,3,16,10,0,11,2,51.71299982
20-08-2017,2017,8,Sunday,4.329999924,2.055999994,6,14.39999962,6,0,2,1,35.78599954
21-08-2017,2017,8,Monday,9.329999924,3.339999914,2.400000095,19,4,0,0,0,38.06999993
22-08-2017,2017,8,Tuesday,6,1.340000033,3.150000095,22.20000076,3,0,0,2,37.69000089
23-08-2017,2017,8,Wednesday,3.329999924,2.329999924,2,42,8,0,9,3,69.65999985
24-08-2017,2017,8,Thursday,8,9.05300045,2,27,13,0,1,3,63.05300045
25-08-2017,2017,8,Friday,6,3.00999999,1,20.25,17,0,0,1,48.25999999
26-08-2017,2017,8,Saturday,4.989999771,3.516000032,1,19,10,0,6,2,46.5059998
27-08-2017,2017,8,Sunday,3,5.340000153,1,21.29999924,5,2,7,1,45.63999939
28-08-2017,2017,8,Monday,8,7,5,16,12,0,1,3,52
29-08-2017,2017,8,Tuesday,7,3.065999985,3.5,17,5,0,11,2.099999905,48.66599989
30-08-2017,2017,8,Wednesday,7.670000076,3.99000001,3.150000095,17,4,3,0,2,40.81000018
31-08-2017,2017,8,Thursday,16.68000031,3.032999992,3.049999952,17,4,0,0,1,44.76300025
01-09-2017,2017,9,Friday,3.339999914,3,5,20.60000038,8,0,2,0,41.9400003
02-09-2017,2017,9,Saturday,6.340000153,2.130000114,6,18.39999962,8,0,1,3,44.86999989
03-09-2017,2017,9,Sunday,6.829999924,5.461999893,2,18.39999962,7,0,1,3,43.69199944
04-09-2017,2017,9,Monday,6.5,3.329999924,6,24,7,0,0,3,49.82999992
05-09-2017,2017,9,Tuesday,6.170000076,4.019999981,4,19.10000038,7,1,2,1.299999952,44.59000039
06-09-2017,2017,9,Wednesday,4.329999924,3,5,32,6,0,3,3,56.32999992
07-09-2017,2017,9,Thursday,3,1,3.200000048,18,2,0,0,2,29.20000005
08-09-2017,2017,9,Friday,8.829999924,7.320000172,3.099999905,34,8,0,3,4,68.25
09-09-2017,2017,9,Saturday,6,8.340000153,2.5,20,7,0,0,4,47.84000015
10-09-2017,2017,9,Sunday,3.339999914,5.349999905,1,35.59999847,7,0,0,4.199999809,56.4899981
11-09-2017,2017,9,Monday,2,3.372999907,2,12,16,0,0,2,37.37299991
12-09-2017,2017,9,Tuesday,1,4.349999905,5.199999809,18.25,6,1,1,2.200000048,38.99999976
13-09-2017,2017,9,Wednesday,4,0.660000026,2,25,16,0,5,0,52.66000003
14-09-2017,2017,9,Thursday,5,5.340000153,5,22.39999962,6,0,9,5,57.73999977
15-09-2017,2017,9,Friday,3,3,3,16,12,1,8,3,49
16-09-2017,2017,9,Saturday,7,3,3.450000048,27.29999924,11,0,0,1.200000048,52.94999933
17-09-2017,2017,9,Sunday,5,4.340000153,4,32,6,1,7,5,64.34000015
18-09-2017,2017,9,Monday,9,4.340000153,1,27,7,0,1,2,51.34000015
19-09-2017,2017,9,Tuesday,3.329999924,6.032999992,1,43.25,6,2,6,9,76.61299992
20-09-2017,2017,9,Wednesday,2,2.362999916,0.100000001,35.45000076,6,0,6,0,51.91300068
21-09-2017,2017,9,Thursday,7.340000153,3.696000099,1,19.70000076,8,2,0,1,42.73600101
22-09-2017,2017,9,Friday,4.659999847,2.240999937,3,27.5,2,0,0,3,42.40099978
23-09-2017,2017,9,Saturday,9.989999771,6.989999771,3,14.44999981,12,2,0,2,50.42999935
24-09-2017,2017,9,Sunday,3.660000086,4.826000214,2,52.40000153,7,1,6,1,77.88600183
25-09-2017,2017,9,Monday,1,2.51699996,1,39.20000076,7,3,26,1,80.71700072
26-09-2017,2017,9,Tuesday,2,5.670000076,2.099999905,38.59999847,4,0,6,1,59.36999846
27-09-2017,2017,9,Wednesday,4,2.329999924,3,38,7,3,3,0,60.32999992
28-09-2017,2017,9,Thursday,3.339999914,2.680000067,2.5,37.84999847,3,0,10,0,59.36999846
29-09-2017,2017,9,Friday,1,5,3,35.40000153,8,6,5,1,64.40000153
30-09-2017,2017,9,Saturday,5.329999924,3.00999999,3,61.90000153,6,0,28,0,107.2400014
01-10-2017,2017,10,Sunday,4,5.890999794,3,72.09999847,7,1,20,1,113.9909983
02-10-2017,2017,10,Monday,8.329999924,2,3.150000095,18,3,1,0,0,35.48000002
03-10-2017,2017,10,Tuesday,0.340000004,2.099999905,3.150000095,57.20000076,21,3,5,2,93.79000077
04-10-2017,2017,10,Wednesday,2,4.329999924,4,37,6,0,2,1,56.32999992
05-10-2017,2017,10,Thursday,5.329999924,3.99000001,5,40.79999924,5,0,11,2,73.11999917
06-10-2017,2017,10,Friday,3.99000001,4.659999847,1,39.79999924,7,0,6,2,64.44999909
07-10-2017,2017,10,Saturday,4,2.023000002,2,35.25,4,0,10,1,58.273
08-10-2017,2017,10,Sunday,8.670000076,3.260999918,5.199999809,77.09999847,2,0,15,4,115.2309983
09-10-2017,2017,10,Monday,0,0,0,0,0,0,0,0,0
10-10-2017,2017,10,Tuesday,10,2.680000067,2,25,8,0,11,3,61.68000007
11-10-2017,2017,10,Wednesday,3.5,1,4.599999905,39.40000153,2,0,6,2.5,59.00000143
12-10-2017,2017,10,Thursday,4,2.392999887,2.299999952,41,9,0,1,2,61.69299984
13-10-2017,2017,10,Friday,5.329999924,1.396000028,0.600000024,38,8,2,3,4,62.32599998
14-10-2017,2017,10,Saturday,4.840000153,3.660000086,4,42.20000076,9,1,20,0,84.700001
15-10-2017,2017,10,Sunday,6,6.679999828,1,37,5,0,11,2,68.67999983
16-10-2017,2017,10,Monday,2.329999924,0.670000017,0,45.09999847,9,0,2,2,61.09999841
17-10-2017,2017,10,Tuesday,3.339999914,1.669999957,6,26.20000076,9,2,6,1,55.21000063
18-10-2017,2017,10,Wednesday,5.340000153,1.330000043,1,52.84999847,15,0,1,1,77.51999867
19-10-2017,2017,10,Thursday,4.329999924,5.989999771,4.699999809,25.5,8,0,13,0,61.5199995
20-10-2017,2017,10,Friday,2.829999924,4.362999916,3,36.25,15,0,8,0,69.44299984
21-10-2017,2017,10,Saturday,3.329999924,3.769000053,3.299999952,25.20000076,9,3,5,4,56.59900069
22-10-2017,2017,10,Sunday,8,5,5,57.79999924,8,0,9,2,94.79999924
23-10-2017,2017,10,Monday,3.329999924,1.363000035,2,28.60000038,4,0,28,1,68.29300034
24-10-2017,2017,10,Tuesday,2,2,10,65.19999695,3,0,10,1,93.19999695
25-10-2017,2017,10,Wednesday,6.340000153,3.329999924,5.349999905,26.89999962,4,0,1,1,47.9199996
26-10-2017,2017,10,Thursday,1.330000043,1.098999977,2,38,9,1,5,2.299999952,59.72899997
27-10-2017,2017,10,Friday,6.320000172,2.362999916,6,26,14,1,21,2,78.68300009
28-10-2017,2017,10,Saturday,5,2.329999924,4,24.10000038,11,0,7,3,56.43000031
29-10-2017,2017,10,Sunday,7.659999847,2.372999907,1.049999952,36,3,0,1,2.200000048,53.28299975
30-10-2017,2017,10,Monday,1.5,3.660000086,2,32.79999924,7,0,9,1,56.95999932
31-10-2017,2017,10,Tuesday,4.329999924,1.363000035,4,38,2,0,0,1,50.69299996
01-11-2017,2017,11,Wednesday,0.670000017,3.428999901,2,23,5,0,3,1,38.09899992
02-11-2017,2017,11,Thursday,4,2.065999985,1.549999952,22.10000038,5,0,11,3,48.71600032
03-11-2017,2017,11,Friday,2.329999924,7.670000076,4.400000095,37.40000153,10,3,6,1,71.80000162
04-11-2017,2017,11,Saturday,10.34000015,7.472000122,6,33,5,0,1,3.200000048,66.01200032
05-11-2017,2017,11,Sunday,6.329999924,5.798999786,1.100000024,35.45000076,1,0,5,2,56.6790005
06-11-2017,2017,11,Monday,8.340000153,3.200000048,2,20.20000076,11,3,8,1,56.74000096
07-11-2017,2017,11,Tuesday,0.670000017,4,7,20,4,0,0,1.5,37.17000002
08-11-2017,2017,11,Wednesday,6,1.100000024,2,9.199999809,1,0,5,1,25.29999983
09-11-2017,2017,11,Thursday,2.670000076,3.746000051,0,28.79999924,2,0,11,1,49.21599936
10-11-2017,2017,11,Friday,9.340000153,6.659999847,6.199999809,34,9,0,22,2,89.19999981
11-11-2017,2017,11,Saturday,8.5,3,4.099999905,32,8,0,2,0,57.5999999
12-11-2017,2017,11,Sunday,5,3.650000095,6.150000095,40,9,0,3,2,68.80000019
13-11-2017,2017,11,Monday,9.329999924,2.428999901,4.199999809,44.20000076,5,0,5,0.200000003,70.3590004
14-11-2017,2017,11,Tuesday,3,0.859000027,2,6.800000191,14,0,19,1,46.65900022
15-11-2017,2017,11,Wednesday,5.329999924,2.726000071,7.699999809,17,8,3,0,1,44.7559998
16-11-2017,2017,11,Thursday,5.329999924,2,3,17.60000038,3,0,1,1,32.93000031
17-11-2017,2017,11,Friday,3,4.836999893,3,34,5,0,30,2,81.83699989
18-11-2017,2017,11,Saturday,5.329999924,8.449999809,2,42.5,2,0,8,1.200000048,69.47999978
19-11-2017,2017,11,Sunday,4,6.880000114,1,29,3,0,6,2.5,52.38000011
20-11-2017,2017,11,Monday,2.339999914,5.340000153,2.400000095,28.79999924,10,0,2,0,50.8799994
21-11-2017,2017,11,Tuesday,13.32999992,0.680000007,1,22.39999962,5,0,2,1,45.40999955
22-11-2017,2017,11,Wednesday,2,4,1,26.10000038,20,0,1,1,55.10000038
23-11-2017,2017,11,Thursday,9.329999924,5.989999771,6,34.29999924,14,0,0,3,72.61999893
24-11-2017,2017,11,Friday,8,3.131999969,5,34.32400131,5,2,2,0,59.45600128
25-11-2017,2017,11,Saturday,5.329999924,6.076000214,4.099999905,26.5,8,0,2,0,52.00600004
26-11-2017,2017,11,Sunday,5.659999847,5.785999775,1,31.20000076,2,1,12,2,60.64600039
27-11-2017,2017,11,Monday,1.340000033,3.670000076,6.099999905,34.82500076,4,0,7,3,59.93500078
28-11-2017,2017,11,Tuesday,5,1.340000033,5.349999905,40.59999847,5,3,8,3,71.28999841
29-11-2017,2017,11,Wednesday,6.340000153,2.397000074,4.099999905,32.59999847,7,0,5,3,60.43699861
30-11-2017,2017,11,Thursday,5.670000076,1.396000028,3,30,2,0,9,3,54.0660001
01-12-2017,2017,12,Friday,10.32999992,7.659999847,1,25.39999962,3,0,5,2,54.38999939
02-12-2017,2017,12,Saturday,4.329999924,3.670000076,5,22,11,0,0,1.5,47.5
03-12-2017,2017,12,Sunday,5.329999924,6.022999763,3,33.40000153,3,0,6,2,58.75300121
04-12-2017,2017,12,Monday,1,2.362999916,4,15.60000038,3,0,13,3,41.9630003
05-12-2017,2017,12,Tuesday,3.680000067,3.164999962,4.050000191,17.10000038,1,0,6,2,36.9950006
06-12-2017,2017,12,Wednesday,4,4.395999908,2.099999905,29.20000076,12,0,6,1,58.69600058
07-12-2017,2017,12,Thursday,3,2.660000086,5.449999809,24.89999962,8,0,7,1,52.00999951
08-12-2017,2017,12,Friday,5.329999924,2.50999999,3.5,44.20000076,5,1,7,2,70.54000068
09-12-2017,2017,12,Saturday,5,2.170000076,5.400000095,36.59999847,14,0,7,2,72.16999865
10-12-2017,2017,12,Sunday,5,2.802000046,5,48,7,0,18,2,87.80200005
11-12-2017,2017,12,Monday,8,6,5.5,34.40000153,10,0,6,1,70.90000153
12-12-2017,2017,12,Tuesday,1.330000043,5.065999985,3,44,6,1,12,2,74.39600003
13-12-2017,2017,12,Wednesday,4,3.339999914,2.299999952,29,9,0,0,1,48.63999987
14-12-2017,2017,12,Thursday,3,3,3,30,5,0,0,3,47
15-12-2017,2017,12,Friday,4.179999828,5.010000229,2.5,29,6,0,0,1,47.69000006
16-12-2017,2017,12,Saturday,11,6,3,36.59999847,6,1,1,2,66.59999847
17-12-2017,2017,12,Sunday,7,0.330000013,5.099999905,37,11,0,15,2,77.42999992
18-12-2017,2017,12,Monday,0.660000026,4.670000076,6,31.60000038,7,0,8,0,57.93000048
19-12-2017,2017,12,Tuesday,0,0,0,0,0,0,0,0,0
20-12-2017,2017,12,Wednesday,2,3.395999908,3,27.20000076,3,0,11,2,51.59600067
21-12-2017,2017,12,Thursday,2.019999981,2.660000086,4,23.39999962,5,0,6,0,43.07999969
22-12-2017,2017,12,Friday,5.989999771,2.769000053,1.5,26,13,0,1,1.600000024,51.85899985
23-12-2017,2017,12,Saturday,6,4.505000114,6.099999905,28.29999924,6,0,1,1,52.90499926
24-12-2017,2017,12,Sunday,7.659999847,3.460000038,2,32.20000076,4,0,5,1,55.32000065
25-12-2017,2017,12,Monday,1,0.620000005,4.099999905,15.52999973,4,0,6,2,33.24999964
26-12-2017,2017,12,Tuesday,2.99000001,4.670000076,3.5,56.90000153,9,0,9,2,88.06000161
27-12-2017,2017,12,Wednesday,7,4.81400013,5.150000095,32.70000076,9,0,3,0,61.66400099
28-12-2017,2017,12,Thursday,7.329999924,3.461999893,5.099999905,35.34999847,12,3,24,1,91.2419982
29-12-2017,2017,12,Friday,9.340000153,2.065999985,2.5,41.40000153,17,0,11,2,85.30600166
30-12-2017,2017,12,Saturday,8.680000305,8.362999916,4,50,8,0,10,3,92.04300022
31-12-2017,2017,12,Sunday,13.82999992,10.04300022,5.300000191,70.19999695,9,0,0,1,109.3729973
01-01-2018,2018,1,Monday,0,0,0,0,0,0,0,0,0
02-01-2018,2018,1,Tuesday,1,5.329999924,2.25,38,3,0,2,2,53.57999992
03-01-2018,2018,1,Wednesday,4.670000076,2.397000074,3,54,4,0,10,3,81.06700015
04-01-2018,2018,1,Thursday,6,1.098999977,1,39.20000076,9,0,1,2,59.29900074
05-01-2018,2018,1,Friday,12,6.824999809,3,26,11,0,21,1,80.82499981
06-01-2018,2018,1,Saturday,4.659999847,1.659999967,2.200000048,73,4,0,5,8,98.51999986
07-01-2018,2018,1,Sunday,0,0,0,0,0,0,0,0,0
08-01-2018,2018,1,Monday,2.329999924,6.53000021,4.199999809,29.60000038,5,0,0,1,48.66000032
09-01-2018,2018,1,Tuesday,5.329999924,2.098999977,5,33.82500076,9,6,10,1,72.25400066
10-01-2018,2018,1,Wednesday,9.329999924,7.406000137,6,44.5,12,0,6,2,87.23600006
11-01-2018,2018,1,Thursday,4,4.329999924,5.5,37.59999847,7,0,5,0,63.4299984
12-01-2018,2018,1,Friday,5.659999847,1.330000043,3,42,11,0,10,0,72.98999989
13-01-2018,2018,1,Saturday,3.5,3.494999886,3.200000048,32,6,0,8,1,57.19499993
14-01-2018,2018,1,Sunday,4.329999924,5.15500021,1.200000048,36,2,0,5,1,54.68500018
15-01-2018,2018,1,Monday,6.989999771,2,5.099999905,26,8,0,15,2,65.08999968
16-01-2018,2018,1,Tuesday,6.340000153,2.670000076,3,18,2,0,8,0,40.01000023
17-01-2018,2018,1,Wednesday,6.670000076,2.849999905,2,30.20000076,10,2,41,2,96.72000074
18-01-2018,2018,1,Thursday,4.329999924,3.726000071,4,58.40000153,9,0,2,1,82.45600152
19-01-2018,2018,1,Friday,6.329999924,2.528000116,3,23.39999962,12,0,3,1,51.25799966
20-01-2018,2018,1,Saturday,2.660000086,2.319999933,2,38,2,0,5,0,51.98000002
21-01-2018,2018,1,Sunday,3.329999924,3.529999971,3.400000095,32.79999924,6,0,1,3.5,53.55999923
22-01-2018,2018,1,Monday,6,3.395999908,6,29,5,0,6,1,56.39599991
23-01-2018,2018,1,Tuesday,1,1.065999985,4.599999905,38.59999847,4,0,5,1,55.26599836
24-01-2018,2018,1,Wednesday,7.329999924,6.670000076,4,32,13,0,4,1,68
25-01-2018,2018,1,Thursday,3.660000086,5.131999969,4.199999809,36.79999924,15,0,7,3,74.7919991
26-01-2018,2018,1,Friday,3,3.023000002,0.400000006,62.20000076,9,0,12,1,90.62300077
27-01-2018,2018,1,Saturday,3.339999914,7.329999924,3,52.90000153,7,0,3,4,80.57000136
28-01-2018,2018,1,Sunday,1.5,2.349999905,5.650000095,55,11,0,10,2,87.5
29-01-2018,2018,1,Monday,2.329999924,4.362999916,4.25,47.90000153,10,3,4,1,76.84300137
30-01-2018,2018,1,Tuesday,4.329999924,3.75999999,3,37,11,0,4,3,66.08999991
31-01-2018,2018,1,Wednesday,0.330000013,5.076000214,4,30.39999962,12,0,6,1,58.80599985
01-02-2018,2018,2,Thursday,5.340000153,4.329999924,6,30.5,7,0,6,3,62.17000008
02-02-2018,2018,2,Friday,2.329999924,4.989999771,4,54.59999847,6,0,6,4.400000095,82.31999826
03-02-2018,2018,2,Saturday,4.329999924,7.130000114,3.299999952,67.09999847,12,0,5,2,100.8599985
04-02-2018,2018,2,Sunday,7.989999771,9.065999985,2,50.59999847,6,0,3,3,81.65599823
05-02-2018,2018,2,Monday,7.329999924,3.065999985,3,53,18,0,6,0.660000026,91.05599993
06-02-2018,2018,2,Tuesday,4.340000153,1.870000005,6.849999905,51.5,8,0,5,1,78.56000006
07-02-2018,2018,2,Wednesday,4.840000153,8.131999969,3.200000048,44.79999924,8,0,23,0,91.97199941
08-02-2018,2018,2,Thursday,6.329999924,1.340000033,3,47,7,0,0,0,64.66999996
09-02-2018,2018,2,Friday,3,3.690000057,4.25,47,17,0,11,0,85.94000006
10-02-2018,2018,2,Saturday,10.01000023,5.230999947,3.5,60.40000153,6,0,15,3,103.1410017
11-02-2018,2018,2,Sunday,6.329999924,5.395999908,7.800000191,63.25,12,0,10,2,106.776
12-02-2018,2018,2,Monday,8,4.769000053,10,36.29999924,14,1,1,1,76.06899929
13-02-2018,2018,2,Tuesday,6,8.032999992,5,17.79999924,10,0,10,3,59.83299923
14-02-2018,2018,2,Wednesday,1,6.329999924,2.099999905,50.29999924,15,0,14,0,88.72999907
15-02-2018,2018,2,Thursday,1.5,6.945000172,0.850000024,74.59999847,6,0,10,0,99.89499867
16-02-2018,2018,2,Friday,7.679999828,7.175000191,1.200000048,65.16200256,10,0,0,1,92.21700263
17-02-2018,2018,2,Saturday,1.330000043,3.640000105,2,50.40000153,5,0,9,0,71.37000167
18-02-2018,2018,2,Sunday,6,6.725999832,7.550000191,44,2,0,4,1,71.27600002
19-02-2018,2018,2,Monday,1,3.339999914,1.700000048,27,6,0,12,2,53.03999996
20-02-2018,2018,2,Tuesday,4.179999828,2.286000013,4.199999809,30.20000076,6,0,2,3,51.86600041
21-02-2018,2018,2,Wednesday,1.340000033,7.010000229,9.5,27.39999962,5,0,6,1,57.24999988
22-02-2018,2018,2,Thursday,5,6.329999924,3.150000095,30,6,0,20,0,70.48000002
23-02-2018,2018,2,Friday,5.829999924,2.979000092,1,34.20000076,6,0,12,0,62.00900078
24-02-2018,2018,2,Saturday,8,5.679999828,7,43.5,10,0,8,3,85.17999983
25-02-2018,2018,2,Sunday,4,1.679999948,2,36.79999924,10,0,10,2,66.47999918
26-02-2018,2018,2,Monday,1,0.660000026,2,46.59999847,9,0,7,1,67.2599985
27-02-2018,2018,2,Tuesday,3.329999924,2.650000095,3.400000095,26.70000076,20,9,8,1,74.08000088
28-02-2018,2018,2,Wednesday,1,2.329999924,5.099999905,44.66199875,21,2,0,1,77.09199858
01-03-2018,2018,3,Thursday,1,6.032999992,1.049999952,26.39999962,26,1,12,1,74.48299956
02-03-2018,2018,3,Friday,4,3,9.5,38.40000153,24,3,17,5.5,104.4000015
03-03-2018,2018,3,Saturday,8,2.362999916,8.149999619,40.18700027,12,1,10,4,85.69999981
04-03-2018,2018,3,Sunday,1,3.736000061,4,33.59999847,3,0,14,1,60.33599854
05-03-2018,2018,3,Monday,4.329999924,5.329999924,6.099999905,25,6,0,17,1,64.75999975
06-03-2018,2018,3,Tuesday,9.5,6.329999924,5.849999905,22.20000076,22,8,2,1,76.88000059
07-03-2018,2018,3,Wednesday,4.5,1.669999957,4,20.20000076,31,5,11,1.399999976,78.7700007
08-03-2018,2018,3,Thursday,1.330000043,2.769000053,4,25.79999924,10,0,0,4,47.89899933
09-03-2018,2018,3,Friday,6.329999924,2.180000067,4.199999809,41,11,1,10,0,75.7099998
10-03-2018,2018,3,Saturday,6,4.109000206,4,21.70000076,11,3,17,6,72.80900097
11-03-2018,2018,3,Sunday,4.659999847,7.539999962,5.599999905,68,0,0,11,3,99.79999971
12-03-2018,2018,3,Monday,9,4.34499979,3,22.20000076,9,0,13,8,68.54500055
13-03-2018,2018,3,Tuesday,2,5.065999985,5.199999809,15.19999981,18,0,21,5,71.4659996
14-03-2018,2018,3,Wednesday,2.339999914,2.339999914,0,31,14,2,8,4,63.67999983
15-03-2018,2018,3,Thursday,3.339999914,2.131999969,3,23.89999962,10,0,10,0,52.3719995
16-03-2018,2018,3,Friday,3.329999924,3.065999985,1,29,7,0,2,1,46.39599991
17-03-2018,2018,3,Saturday,3.99000001,1.659999967,3.150000095,65,11,0,5,4,93.80000007
18-03-2018,2018,3,Sunday,7.329999924,2.928999901,4.300000191,21.5,8,0,2,2,48.05900002
19-03-2018,2018,3,Monday,4.340000153,1,0,19.60000038,11,2,18,1,56.94000053
20-03-2018,2018,3,Tuesday,2.670000076,3.670000076,9,48.59999847,7,0,15,5,90.93999863
21-03-2018,2018,3,Wednesday,2,2,2,27,4,0,9,0,46
22-03-2018,2018,3,Thursday,3,3.670000076,1.549999952,24.60000038,4,0,0,1,37.82000041
23-03-2018,2018,3,Friday,5,5.395999908,5.150000095,34,8,0,11,8.5,77.046
24-03-2018,2018,3,Saturday,7,2.339999914,5,40,7,1,2,0,64.33999991
25-03-2018,2018,3,Sunday,4,2.660000086,3.200000048,47.31200027,9,0,3,2,71.17200041
26-03-2018,2018,3,Monday,5,9.659999847,0.200000003,27.60000038,15,4,5,3.299999952,69.76000018
27-03-2018,2018,3,Tuesday,4.340000153,3.329999924,5.099999905,28,14,1,5,2,62.76999998
28-03-2018,2018,3,Wednesday,5.5,1.659999967,1,11.92399979,23,2,6,1.5,52.58399975
29-03-2018,2018,3,Thursday,7,2.329999924,3,28.20000076,5,0,7,3.299999952,55.83000064
30-03-2018,2018,3,Friday,5.329999924,4.460000038,9,42,33,8,3,2,106.79
31-03-2018,2018,3,Saturday,9,2.99000001,2,50,8,0,3,4,78.99000001
01-04-2018,2018,4,Sunday,6.829999924,3.339999914,0,37,19,1,22,5,94.16999984
02-04-2018,2018,4,Monday,5.659999847,4.395999908,6.300000191,30,31,0,10,10,97.35599995
03-04-2018,2018,4,Tuesday,1,2.529000044,2,38,10,6,5,3.5,68.02900004
04-04-2018,2018,4,Wednesday,6.010000229,5.199999809,3,29,9,0,1,8,61.21000004
05-04-2018,2018,4,Thursday,6.329999924,3.670000076,5.400000095,39,16,1,16,3,90.4000001
06-04-2018,2018,4,Friday,3.670000076,3,4.199999809,33.52500153,13,0,23,5,85.39500141
07-04-2018,2018,4,Saturday,16.18000031,4.506000042,2,40,4,0,5,7,78.68600035
08-04-2018,2018,4,Sunday,0,0,0,0,0,0,0,0,0
09-04-2018,2018,4,Monday,5,3,6,25,6,0,10,6,61
10-04-2018,2018,4,Tuesday,2,3.066999912,2,38.29999924,18,3,7,10,83.36699915
11-04-2018,2018,4,Wednesday,6.670000076,3.00999999,2,28,12,0,3,11,65.68000007
12-04-2018,2018,4,Thursday,5,4.758999825,3.5,17.39999962,9,0,6,4.5,50.15899944
13-04-2018,2018,4,Friday,4.5,2.032999992,5,23,12,0,23,4,73.53299999
14-04-2018,2018,4,Saturday,8,3.680000067,2,24,2,0,3,12,54.68000007
15-04-2018,2018,4,Sunday,7.659999847,2.759000063,3,20,5,0,0,6,44.41899991
16-04-2018,2018,4,Monday,2,6.019999981,0.25,40.5,9,0,4,3,64.76999998
17-04-2018,2018,4,Tuesday,3.339999914,1.406000018,0.150000006,16,10,0,6,6,42.89599994
18-04-2018,2018,4,Wednesday,5,0.540000021,3.25,25.25,5,0,7,1,47.04000002
19-04-2018,2018,4,Thursday,5,5.670000076,1,31.375,3,0,1,7,54.04500008
20-04-2018,2018,4,Friday,5,4.506000042,0,15,10,0,6,9,49.50600004
21-04-2018,2018,4,Saturday,3.5,3.438999891,2,40.40000153,7,0,4,6.199999809,66.53900123
22-04-2018,2018,4,Sunday,6,5.090000153,3.5,42.5,7,0,0,6.5,70.59000015
23-04-2018,2018,4,Monday,7,0.693000019,1,15.56200027,7,0,2,9,42.25500029
24-04-2018,2018,4,Tuesday,6,4.461999893,6,20,9,0,1,12,58.46199989
25-04-2018,2018,4,Wednesday,9,7.659999847,5,18.10000038,8,2,30,9,88.76000023
26-04-2018,2018,4,Thursday,5.329999924,1.098999977,2,18,8,0,7,5,46.4289999
27-04-2018,2018,4,Friday,6.679999828,3.529000044,3,43,12,0,6,4,78.20899987
28-04-2018,2018,4,Saturday,9.329999924,2,2.049999952,27.25,11,1,6,7,65.62999988
29-04-2018,2018,4,Sunday,7.329999924,6,6,14,5,0,14,10.39999962,62.72999954
30-04-2018,2018,4,Monday,5,6.659999847,3,14.125,12,0,1,7,48.78499985
01-05-2018,2018,5,Tuesday,2.339999914,0,1,6.199999809,0,0,1,8,18.53999972
02-05-2018,2018,5,Wednesday,6,3.526000023,2,38.20000076,7,0,3,9,68.72600079
03-05-2018,2018,5,Thursday,2.329999924,1.779000044,2,27.26199913,10,0,16,10,69.3709991
04-05-2018,2018,5,Friday,1,2.930000067,5,8.75,6,0,2,10.5,36.18000007
05-05-2018,2018,5,Saturday,9,3.339999914,5,24,9,0,0,7,57.33999991
06-05-2018,2018,5,Sunday,3.339999914,10.65999985,0.25,18.20000076,9,0,3,13.5,57.95000052
07-05-2018,2018,5,Monday,9.659999847,0.033,0,22,13,0,7,3,54.69299985
08-05-2018,2018,5,Tuesday,10.5,5.840000153,1,15,14,2,1,9,58.34000015
09-05-2018,2018,5,Wednesday,9.340000153,2.329999924,7,24.39999962,8,2,2,5,60.06999969
10-05-2018,2018,5,Thursday,8.5,5.320000172,6,39,12,0,1,6,77.82000017
11-05-2018,2018,5,Friday,9.329999924,1.340000033,3,19,6,0,2,10,50.66999996
12-05-2018,2018,5,Saturday,1.330000043,3.660000086,5.150000095,27,10,0,11,8,66.14000022
13-05-2018,2018,5,Sunday,5.159999847,5.758999825,3,14.39999962,3,0,7,10,48.31899929
14-05-2018,2018,5,Monday,6,6.539000034,1,20,4,1,37,3,78.53900003
15-05-2018,2018,5,Tuesday,4,0.670000017,2,14,11,0,5,7,43.67000002
16-05-2018,2018,5,Wednesday,4.010000229,2.329999924,2.5,13.39999962,9,0,2,8,41.23999977
17-05-2018,2018,5,Thursday,2,2.779999971,3.5,16,11,0,1,4,40.27999997
18-05-2018,2018,5,Friday,2.339999914,1.396000028,6,30,11,0,2,2.400000095,55.13600004
19-05-2018,2018,5,Saturday,2.339999914,2.561000109,1,18.39999962,7,5,0,5,41.30099964
20-05-2018,2018,5,Sunday,7,8.010000229,1,45,6,1,0,10,78.01000023
21-05-2018,2018,5,Monday,12,2.759000063,2.150000095,14.60000038,18,0,11,5,65.50900054
22-05-2018,2018,5,Tuesday,3.670000076,2.329999924,3,8.062000275,7,0,6,6,36.06200027
23-05-2018,2018,5,Wednesday,1.5,3.660000086,0,11,7,0,0,7,30.16000009
24-05-2018,2018,5,Thursday,2,1.99000001,5,20.20000076,6,1,10,1,47.19000077
25-05-2018,2018,5,Friday,2.329999924,2.329999924,2,16.39999962,9,0,1,2,35.05999947
26-05-2018,2018,5,Saturday,3.329999924,2.759000063,7,16.26199913,7,0,3,5,44.35099912
27-05-2018,2018,5,Sunday,6.329999924,4.518000126,5,49.26200104,6,1,0,11,83.11000109
28-05-2018,2018,5,Monday,7,3.00999999,1.200000048,19.60000038,7,0,7,6,50.81000042
29-05-2018,2018,5,Tuesday,9,4.032999992,3.299999952,21.25,7,0,4,6,54.58299994
30-05-2018,2018,5,Wednesday,4.340000153,1.669999957,2,16.39999962,9,0,14,10,57.40999973
31-05-2018,2018,5,Thursday,3.5,3.660000086,1.350000024,11.39999962,10,0,8,5.639999866,43.54999959
01-06-2018,2018,6,Friday,12.32999992,2.180000067,4,29,9,0,5,3,64.50999999
02-06-2018,2018,6,Saturday,8,3.085999966,4,23,9,3,7,9,66.08599997
03-06-2018,2018,6,Sunday,5,2.746000051,1,22.39999962,8,1,0,2,42.14599967
04-06-2018,2018,6,Monday,3.329999924,3,6,19,3,0,6,6,46.32999992
05-06-2018,2018,6,Tuesday,4.329999924,3.670000076,1.049999952,20,7,2,0,7,45.04999995
06-06-2018,2018,6,Wednesday,6,2.339999914,0.150000006,17.25,16,3,0,2,46.73999992
07-06-2018,2018,6,Thursday,2,4.527999878,0.25,19,11,1,10,2,49.77799988
08-06-2018,2018,6,Friday,4,1.330000043,2,9,6,0,2,4.400000095,28.73000014
09-06-2018,2018,6,Saturday,8,6.461999893,3,21,11,0,5,0,54.46199989
10-06-2018,2018,6,Sunday,2.660000086,4.69299984,5,33.20000076,7,0,0,3,55.55300069
11-06-2018,2018,6,Monday,8,8.329999924,3.099999905,17,17,0,0,6,59.42999983
12-06-2018,2018,6,Tuesday,2.339999914,4.5,4,18.18600082,3,0,1,7.400000095,40.42600083
13-06-2018,2018,6,Wednesday,12,4.329999924,1.200000048,22.25,1,0,0,2,42.77999997
14-06-2018,2018,6,Thursday,0,1,1,22,11,0,0,2,37
15-06-2018,2018,6,Friday,1,0.066,0.300000012,11.13300037,10,0,8,2,32.49900039
16-06-2018,2018,6,Saturday,3.339999914,6.382999897,5,10,5,0,2,7,38.72299981
17-06-2018,2018,6,Sunday,4.840000153,6.585999966,6,24,10,0,5,4,60.42600012
18-06-2018,2018,6,Monday,4.5,1.330000043,2.099999905,14,4,0,1,6,32.92999995
19-06-2018,2018,6,Tuesday,4,3.339999914,4,23,8,0,5,3,50.33999991
20-06-2018,2018,6,Wednesday,3.660000086,4.527999878,2.5,15.06200027,8,3,11,2.599999905,50.35000014
21-06-2018,2018,6,Thursday,3.349999905,2.913000107,4,36,5,0,5,10.5,66.76300001
22-06-2018,2018,6,Friday,5,5.098999977,4.150000095,12,3,0,6,5.5,40.74900007
23-06-2018,2018,6,Saturday,5.329999924,7.342999935,2,14,7,0,1,2,38.67299986
24-06-2018,2018,6,Sunday,1.669999957,4.745999813,2,29,10,0,0,3,50.41599977
25-06-2018,2018,6,Monday,3.329999924,3.098999977,0,31.06200027,12,3,5,2,59.49100018
26-06-2018,2018,6,Tuesday,10.32999992,5.670000076,3,15,6,0,9,4.400000095,53.4000001
27-06-2018,2018,6,Wednesday,2,2.395999908,3,11,10,0,2,3,33.39599991
28-06-2018,2018,6,Thursday,3,2.191999912,4,10,13,0,5,2,39.19199991
29-06-2018,2018,6,Friday,1,3,2,10,8,0,0,4,28
30-06-2018,2018,6,Saturday,6.840000153,3.339999914,7,26.79999924,10,2,0,4,59.9799993
01-07-2018,2018,7,Sunday,2,3.693000078,1,22,7,0,10,4,49.69300008
02-07-2018,2018,7,Monday,3.329999924,6.329999924,3,24.60000038,18,0,3,7,65.26000023
03-07-2018,2018,7,Tuesday,6.340000153,2.329999924,1,13.60000038,9,0,8,3,43.27000046
04-07-2018,2018,7,Wednesday,1,2.829999924,3.5,16.25,6,0,22,7,58.57999992
05-07-2018,2018,7,Thursday,4.329999924,2.759000063,4,15,6,3,3,1,39.08899999
06-07-2018,2018,7,Friday,2.329999924,5.329999924,1.25,20,15,0,0,6,49.90999985
07-07-2018,2018,7,Saturday,6.329999924,8.520000458,7,19,14,0,0,5.5,60.35000038
08-07-2018,2018,7,Sunday,7.329999924,5.210999966,2,28,10,0,5,4,61.54099989
09-07-2018,2018,7,Monday,3.329999924,2,4,31,12,3,0,3,58.32999992
10-07-2018,2018,7,Tuesday,6,6.360000134,4,34,9,2,2,4,67.36000013
11-07-2018,2018,7,Wednesday,10,3.362999916,3,29.39999962,13,0,6,2,66.76299953
12-07-2018,2018,7,Thursday,3,4.340000153,7,24,11,4,0,3,56.34000015
13-07-2018,2018,7,Friday,1.340000033,2.670000076,1.149999976,22,5,0,2,3,37.16000009
14-07-2018,2018,7,Saturday,0,3.200000048,0,26,8,0,0,1.399999976,38.60000002
15-07-2018,2018,7,Sunday,10,9.420000076,3.5,23,4,0,1,7,57.92000008
16-07-2018,2018,7,Monday,9.329999924,5.022999763,1,22,8,0,0,3,48.35299969
17-07-2018,2018,7,Tuesday,2.329999924,3.660000086,2,29.39999962,13,0,0,6,56.38999963
18-07-2018,2018,7,Wednesday,2.5,2.836999893,5,10,17,0,12,6,55.33699989
19-07-2018,2018,7,Thursday,6.840000153,4,3,16,14,1,0,3,47.84000015
20-07-2018,2018,7,Friday,5,7.177000046,5,35.20000076,2,1,2,4,61.37700081
21-07-2018,2018,7,Saturday,4,5.019999981,0.300000012,22,7,0,5,1,44.31999999
22-07-2018,2018,7,Sunday,3.660000086,4.340000153,0,31,4,0,5,6,54.00000024
23-07-2018,2018,7,Monday,8.680000305,1.863000035,2.099999905,12,15,1,0,5.300000191,45.94300044
24-07-2018,2018,7,Tuesday,9.680000305,4,2,22,4,1,2,2,46.68000031
25-07-2018,2018,7,Wednesday,5,2.680000067,2,16,7,0,0,2,34.68000007
26-07-2018,2018,7,Thursday,4.329999924,1.827000022,5,24,4,0,1,4,44.15699995
27-07-2018,2018,7,Friday,2.339999914,3.339999914,3,19.39999962,11,0,1,6,46.07999945
28-07-2018,2018,7,Saturday,6,4.010000229,1,24.5,9,0,0,3,47.51000023
29-07-2018,2018,7,Sunday,3.5,4.349999905,2.099999905,9,7,1,0,3,29.94999981
30-07-2018,2018,7,Monday,3,6.329999924,5.300000191,26,9,2,0,4,55.63000011
31-07-2018,2018,7,Tuesday,7.329999924,3.736000061,3,13,5,0,0,3,35.06599998
01-08-2018,2018,8,Wednesday,1,2.339999914,1,14,9,1,1,7,36.33999991
02-08-2018,2018,8,Thursday,0,1,0,11,11,0,2,5,30
03-08-2018,2018,8,Friday,4.010000229,2.670000076,2,21,9,0,0,1,39.68000031
04-08-2018,2018,8,Saturday,5,3.869999886,2,8,11,3,0,8,40.86999989
05-08-2018,2018,8,Sunday,6,0.99000001,5,13,4,2,6,1.299999952,38.28999996
06-08-2018,2018,8,Monday,8.329999924,6.164999962,2,21.38800049,7,0,6,2,52.88300037
07-08-2018,2018,8,Tuesday,2.329999924,2.670000076,8,15,7,1,1,3,40
08-08-2018,2018,8,Wednesday,4.329999924,2.792999983,2,10,13,0,0,2,34.12299991
09-08-2018,2018,8,Thursday,2.670000076,3.065999985,1,29.39999962,13,0,0,2,51.13599968
10-08-2018,2018,8,Friday,6,4,4,19,4,0,0,2,39
11-08-2018,2018,8,Saturday,4,4.132999897,6,37,16,1,5,10,83.1329999
12-08-2018,2018,8,Sunday,10.98999977,4.989999771,6,16,6,0,1,2,46.97999954
13-08-2018,2018,8,Monday,3.329999924,5.019999981,2,23.25,15,0,3,2,53.5999999
14-08-2018,2018,8,Tuesday,1.330000043,2.736000061,5,12,9,0,4,5,39.0660001
15-08-2018,2018,8,Wednesday,8.340000153,4.198999882,2,32.20000076,13,2,0,1,62.7390008
16-08-2018,2018,8,Thursday,3.329999924,8.729000092,4,27.39999962,6,3,5,5,62.45899963
17-08-2018,2018,8,Friday,2.329999924,2.99000001,2.400000095,23,5,1,5,1,42.72000003
18-08-2018,2018,8,Saturday,6.329999924,5.340000153,0,32.09999847,5,1,6,0,55.76999855
19-08-2018,2018,8,Sunday,6.329999924,4.494999886,1,19.89999962,3,0,5,6,45.72499943
20-08-2018,2018,8,Monday,4,5.679999828,4.199999809,21.39999962,7,0,20,3,65.27999926
21-08-2018,2018,8,Tuesday,2.339999914,3,2.150000095,26.20000076,4,1,1,4,43.69000077
22-08-2018,2018,8,Wednesday,5,4.329999924,0,18,4,1,0,4,36.32999992
23-08-2018,2018,8,Thursday,5,4.066999912,4,35,8,0,23,3,82.06699991
24-08-2018,2018,8,Friday,4,2.339999914,1,38.5,7,0,21,4,77.83999991
25-08-2018,2018,8,Saturday,3.670000076,4.010000229,3.200000048,27,4,0,6,2.5,50.38000035
26-08-2018,2018,8,Sunday,11.32999992,6.670000076,4,57,10,0,8,4.300000191,101.3000002
27-08-2018,2018,8,Monday,3.339999914,1,9,16,6,0,1,1,37.33999991
28-08-2018,2018,8,Tuesday,2,2.680000067,1,26.39999962,7,1,0,3,43.07999969
29-08-2018,2018,8,Wednesday,6.670000076,2.670000076,1.299999952,28.5,10,1,5,3,58.1400001
30-08-2018,2018,8,Thursday,2.329999924,2.736000061,3,38,7,0,4,2,59.06599998
31-08-2018,2018,8,Friday,4.340000153,3.339999914,0,17.20000076,13,1,20,4,62.88000083
01-09-2018,2018,9,Saturday,2.339999914,0,2.200000048,19,6,1,1,2,33.53999996
02-09-2018,2018,9,Sunday,6.679999828,5.373000145,3,20,5,0,5,2,47.05299997
03-09-2018,2018,9,Monday,1,2.019999981,2,27.39999962,12,0,0,4,48.4199996
04-09-2018,2018,9,Tuesday,4,1.085999966,1,22,7,0,3,2,40.08599997
05-09-2018,2018,9,Wednesday,6.5,3.329999924,1.5,28,11,0,3,2,55.32999992
06-09-2018,2018,9,Thursday,6.659999847,4.056000233,3,18.39999962,13,0,5,0,50.1159997
07-09-2018,2018,9,Friday,2,1.746000051,4,42,6,0,22,7.699999809,85.44599986
08-09-2018,2018,9,Saturday,10,2.339999914,6.099999905,35.40000153,12,0,10,1,76.84000134
09-09-2018,2018,9,Sunday,4,5.943999767,0,50,2,0,0,5,66.94399977
10-09-2018,2018,9,Monday,7,2.405999899,2,49.40000153,14,3,1,2,80.80600142
11-09-2018,2018,9,Tuesday,9,2.726000071,3,50.59999847,15,0,6,4,90.32599854
12-09-2018,2018,9,Wednesday,4,3,2,35,18,0,5,0,67
13-09-2018,2018,9,Thursday,2.829999924,3.085999966,1,20.60000038,5,2,12,2,48.51600027
14-09-2018,2018,9,Friday,8,7.019999981,4,54,7,0,1,2,83.01999998
15-09-2018,2018,9,Saturday,6,2.00999999,4,19.70000076,6,0,10,4.400000095,52.11000085
16-09-2018,2018,9,Sunday,3.329999924,0.670000017,3.25,24.25,6,1,7,3,48.49999994
17-09-2018,2018,9,Monday,3,2.329999924,3.75,44.40000153,10,1,5,0,69.48000145
18-09-2018,2018,9,Tuesday,4.340000153,3,3.700000048,20,6,0,1,5,43.0400002
19-09-2018,2018,9,Wednesday,6,3.680000067,2,26,10,0,9,7,63.68000007
20-09-2018,2018,9,Thursday,2,4.066999912,2,24.20000076,13,1,0,5,51.26700068
21-09-2018,2018,9,Friday,4.659999847,5.836999893,1,33.09999847,10,0,1,3,58.59699821
22-09-2018,2018,9,Saturday,6,3.832999945,1.5,31.60000038,6,1,23,3,75.93300033
23-09-2018,2018,9,Sunday,7.340000153,9.43900013,3.25,42.86199951,9,0,8,5,84.89099979
24-09-2018,2018,9,Monday,7.329999924,3.670000076,5.5,53.79999924,7,0,9,2,88.29999924
25-09-2018,2018,9,Tuesday,6,4.736000061,3.299999952,53.84999847,11,0,22,2,102.8859985
26-09-2018,2018,9,Wednesday,3,9,6,41.40000153,9,1,0,3,72.40000153
27-09-2018,2018,9,Thursday,4,6.566999912,4.599999905,19,11,0,7,3,55.16699982
28-09-2018,2018,9,Friday,2,4.679999828,3.700000048,40.59999847,3,0,5,3,61.97999835
29-09-2018,2018,9,Saturday,3.5,5.329999924,2.150000095,57.70000076,4,0,21,1,94.68000078
30-09-2018,2018,9,Sunday,11.01000023,2.00999999,2,54,9,1,3,3,85.02000022
01-10-2018,2018,10,Monday,3,4.93200016,1,53,10,0,21,3,95.93200016
02-10-2018,2018,10,Tuesday,6,3.910000086,3.5,18.60000038,7,0,6,0,45.01000047
03-10-2018,2018,10,Wednesday,6,3.329999924,3,34.90000153,12,2,5,4,70.23000145
04-10-2018,2018,10,Thursday,6,3.359999895,2,32,12,1,5,0,61.3599999
05-10-2018,2018,10,Friday,4.840000153,3.397000074,1.100000024,22.79999924,7,0,14,1,54.13699949
06-10-2018,2018,10,Saturday,2,5.360000134,3.200000048,59.25,4,0,3,0.100000001,76.91000018
07-10-2018,2018,10,Sunday,2.680000067,7.349999905,2,42.40000153,8,0,9,1,72.4300015
08-10-2018,2018,10,Monday,4,1.679999948,3,30,18,5,0,3,64.67999995
09-10-2018,2018,10,Tuesday,2,1.669999957,1,30,18,0,29,1,82.66999996
10-10-2018,2018,10,Wednesday,9,8.010000229,4.099999905,41.20000076,13,0,20,2,97.3100009
11-10-2018,2018,10,Thursday,2,2.329999924,2.099999905,31,15,0,0,1,53.42999983
12-10-2018,2018,10,Friday,6.329999924,4.362999916,1,26,6,0,1,6,50.69299984
13-10-2018,2018,10,Saturday,6.989999771,4.506999969,3.25,29.60000038,8,0,6,3,61.34700012
14-10-2018,2018,10,Sunday,2.339999914,6.010000229,6.199999809,51.70000076,9,2,0,6,83.25000072
15-10-2018,2018,10,Monday,7.170000076,0.066,3,47.59999847,12,0,5,6,80.83599855
16-10-2018,2018,10,Tuesday,6,5.322000027,2,27.29999924,5,3,6,0,54.62199926
17-10-2018,2018,10,Wednesday,2.329999924,6,4,52.20000076,5,0,1,4,74.53000069
18-10-2018,2018,10,Thursday,4.340000153,3,1.100000024,14,9,1,10,5,47.44000018
19-10-2018,2018,10,Friday,4,2.065999985,0,10.60000038,5,2,6,4,33.66600037
20-10-2018,2018,10,Saturday,2.339999914,2.019999981,2,33,9,0,34,5,87.3599999
21-10-2018,2018,10,Sunday,6.670000076,8.68999958,1,56.29999924,5,3,5,1,86.65999889
22-10-2018,2018,10,Monday,2.660000086,7.010000229,3.299999952,18.79999924,8,0,28,1.299999952,69.06999946
23-10-2018,2018,10,Tuesday,2.339999914,2,0.449999988,44.79999924,9,1,11,3,73.58999914
24-10-2018,2018,10,Wednesday,4,2.108999968,5,37.20000076,7,0,10,1.5,66.80900073
25-10-2018,2018,10,Thursday,5.329999924,5.428999901,3,52.20000076,12,0,33,3,113.9590006
26-10-2018,2018,10,Friday,4,5.373000145,4.599999905,44,14,1,14,1,87.97300005
27-10-2018,2018,10,Saturday,8.340000153,3.426000118,2.200000048,49.97499847,12,1,7,2,85.94099879
28-10-2018,2018,10,Sunday,5.329999924,5.329999924,1.600000024,53.75,9,3,13,3,94.00999987
29-10-2018,2018,10,Monday,5.349999905,2.670000076,2.349999905,32.79999924,5,0,10,3,61.16999912
30-10-2018,2018,10,Tuesday,9.329999924,4,1,18.20000076,7,0,13,1,53.53000069
31-10-2018,2018,10,Wednesday,2,4.679999828,3,34.09999847,7,0,2,2,54.7799983
01-11-2018,2018,11,Thursday,7.840000153,0.340000004,3,25,6,3,7,0,52.18000016
02-11-2018,2018,11,Friday,5.139999866,1.845000029,0,32.59999847,8.199999809,0,1,3.299999952,52.08499813
03-11-2018,2018,11,Saturday,3,3,6.199999809,45.40000153,2,0,0,2,61.60000134
04-11-2018,2018,11,Sunday,13.98999977,4.895999908,0,52,7,0,13,1,91.88599968
05-11-2018,2018,11,Monday,6.329999924,2.339999914,6,29,14,0,13,2.299999952,72.96999979
06-11-2018,2018,11,Tuesday,3.329999924,6.679999828,10.55000019,37.70000076,8,0,13,2.5,81.76000071
07-11-2018,2018,11,Wednesday,7,1.863000035,3,38.90000153,15,3,8,0,76.76300156
08-11-2018,2018,11,Thursday,3,1.572999954,6,38,5,0,16,2,71.57299995
09-11-2018,2018,11,Friday,5,0.670000017,5,43,7,1,22,0,83.67000002
10-11-2018,2018,11,Saturday,4.329999924,2.417000055,2,35.59999847,7,1,11,1.100000024,64.44699848
11-11-2018,2018,11,Sunday,11,4.245999813,2,33.65000153,14,0,10,1,75.89600134
12-11-2018,2018,11,Monday,2.339999914,2.329999924,7,35,15,2,24,1,88.66999984
13-11-2018,2018,11,Tuesday,6.329999924,5.349999905,6,29.70000076,18,0,18,3,86.38000059
14-11-2018,2018,11,Wednesday,5.659999847,4.670000076,3,28.39999962,9,0,0,0,50.72999954
15-11-2018,2018,11,Thursday,2,4.083000183,2,49.59999847,3,2,29,0,91.68299866
16-11-2018,2018,11,Friday,8.329999924,2.660000086,4,21.5,6,0,6,0.400000006,48.89000002
17-11-2018,2018,11,Saturday,8,2.339999914,1,39,5,0,13,2,70.33999991
18-11-2018,2018,11,Sunday,4.679999828,4.679999828,5,32.90000153,7,1,10,1,66.26000118
19-11-2018,2018,11,Monday,6.010000229,2.440000057,2,47.20000076,6,3,3,0,69.65000105
20-11-2018,2018,11,Tuesday,5.329999924,3.802999973,4,31.5,4,1,10,3,62.6329999
21-11-2018,2018,11,Wednesday,7,2.339999914,3.25,22,5,0,5,1,45.58999991
22-11-2018,2018,11,Thursday,8,7.065999985,3,22.39999962,9,0,15,2,66.4659996
23-11-2018,2018,11,Friday,6,4.472000122,3,29.60000038,13,1,24,3,84.0720005
24-11-2018,2018,11,Saturday,5.659999847,5.78000021,5,29.20000076,11,0,7,0.300000012,63.94000083
25-11-2018,2018,11,Sunday,5.329999924,3.592999935,3.150000095,19.10000038,6,1,3,2,43.17300034
26-11-2018,2018,11,Monday,5.329999924,2.339999914,2,36.29999924,15,1,16,3,80.96999907
27-11-2018,2018,11,Tuesday,8,4.670000076,2,41.5,2,0,5,2,65.17000008
28-11-2018,2018,11,Wednesday,3,5.670000076,1,24.39999962,15,2,8,4,63.06999969
29-11-2018,2018,11,Thursday,4.329999924,4.320000172,1,22.60000038,7,0,1,3,43.25000048
30-11-2018,2018,11,Friday,1,3.00999999,1,22.39999962,3,0,0,2.5,32.90999961
01-12-2018,2018,12,Saturday,7,8.779000282,2.049999952,41,7,3,13,2,83.82900023
02-12-2018,2018,12,Sunday,3.170000076,5.778999805,10,65.69999695,6,0,27,8,125.6489968
03-12-2018,2018,12,Monday,6,5.083000183,2.099999905,44,13,0,13,1,84.18300009
04-12-2018,2018,12,Tuesday,2.5,3,3,32.20000076,11,0,5,3,59.70000076
05-12-2018,2018,12,Wednesday,5.329999924,3.726000071,3.5,41.29999924,13,0,15,2,83.85599923
06-12-2018,2018,12,Thursday,0,0,0,0,0,0,0,0,0
07-12-2018,2018,12,Friday,5,3.00999999,3,47.40000153,14,0,12,3,87.41000152
08-12-2018,2018,12,Saturday,0,0,0,0,0,0,0,0,0
09-12-2018,2018,12,Sunday,4.659999847,6.690000057,4.099999905,57.70000076,9,0,11,0,93.15000057
10-12-2018,2018,12,Monday,4,5,1.5,23.79999924,12,1,7,1,55.29999924
11-12-2018,2018,12,Tuesday,4,4.010000229,8.350000381,28,12,3,2,5.5,66.86000061
12-12-2018,2018,12,Wednesday,4.329999924,2,3,37.59999847,11,0,21,0,78.9299984
13-12-2018,2018,12,Thursday,3.680000067,2.243000031,3,47.5,6,0,6,0,68.4230001
14-12-2018,2018,12,Friday,2,2,0.200000003,23.39999962,2,1,29,1,60.59999962
15-12-2018,2018,12,Saturday,4,2.339999914,3.450000048,62.40000153,5,0,26,2.299999952,105.4900014
16-12-2018,2018,12,Sunday,1.330000043,4.320000172,0.200000003,27,3,0,7,1,43.85000022
17-12-2018,2018,12,Monday,6.340000153,2.00999999,5,53,6,1,22,2,97.35000014
18-12-2018,2018,12,Tuesday,0.330000013,2.47300005,1,34.5,12,3,9,2,64.30300006
19-12-2018,2018,12,Wednesday,0,0,0,0,0,0,0,0,0
20-12-2018,2018,12,Thursday,8.340000153,1.659999967,1,27,12,3,1,0,54.00000012
21-12-2018,2018,12,Friday,2,1.350000024,0,35,12,1,13,1,65.35000002
22-12-2018,2018,12,Saturday,8.340000153,3.339999914,4.5,43.40000153,3,1,0,0,63.58000159
23-12-2018,2018,12,Sunday,12.32999992,6.406000137,2.299999952,47.70000076,8,0,13,4,93.73600078
24-12-2018,2018,12,Monday,8.670000076,4.349999905,1,32,20,0,8,1,75.01999998
25-12-2018,2018,12,Tuesday,8,6.076000214,5.099999905,42.59999847,9,3,21,2,96.77599859
26-12-2018,2018,12,Wednesday,1,0.660000026,2.150000095,50,8,1,13,2,77.81000012
27-12-2018,2018,12,Thursday,3.680000067,3.00999999,3.049999952,40.59999847,8,0,7,0,65.33999848
28-12-2018,2018,12,Friday,11.67000008,5.84499979,1,56.40000153,11,6,9,0,100.9150014
29-12-2018,2018,12,Saturday,6.679999828,5.611000061,1,68.34999847,5,0,7,2,95.64099836
30-12-2018,2018,12,Sunday,5.329999924,7.592999935,5,59.90000153,6,0,31,3.299999952,118.1230013
31-12-2018,2018,12,Monday,8,4.659999847,5.199999809,44.5,10,0,6,4,82.35999966
01-01-2019,2019,1,Tuesday,0,0,0,0,0,0,0,0,0
02-01-2019,2019,1,Wednesday,5.329999924,4.396999836,4.150000095,36.79999924,4,0,9,2,65.67699909
03-01-2019,2019,1,Thursday,4.329999924,4.835999966,6.25,42.40000153,6,0,9,0,72.81600142
04-01-2019,2019,1,Friday,7,3.670000076,2.599999905,55.79999924,10,0,0,1,80.06999922
05-01-2019,2019,1,Saturday,8.010000229,3.690000057,3.099999905,62.75,10,0,30,1,118.5500002
06-01-2019,2019,1,Sunday,8.329999924,10.01000023,2.25,47.40000153,11,2,0,3,83.99000168
07-01-2019,2019,1,Monday,0,0,0,0,0,0,0,0,0
08-01-2019,2019,1,Tuesday,4.340000153,3.319999933,0,41.79999924,6,0,10,2,67.45999932
09-01-2019,2019,1,Wednesday,3,1.330000043,2,64.80000305,24,3,10,1,109.1300031
10-01-2019,2019,1,Thursday,8,3.579999924,5.599999905,39.09999847,12,2,13,1,84.2799983
11-01-2019,2019,1,Friday,5.329999924,7.340000153,3,61.59999847,12,0,6,0,95.26999855
12-01-2019,2019,1,Saturday,6.659999847,7.019999981,5,74.5,21.20000076,0,10,0,124.3800006
13-01-2019,2019,1,Sunday,8.329999924,5.81400013,4.599999905,73,4,1,1,2,99.74399996
14-01-2019,2019,1,Monday,9,9.699999809,3,51,10,0,18,0,100.6999998
15-01-2019,2019,1,Tuesday,4.329999924,4.329999924,3.650000095,30.39999962,9,0,19,1,71.70999956
16-01-2019,2019,1,Wednesday,7.5,5.065999985,6,48.79999924,12,0,17,5,101.3659992
17-01-2019,2019,1,Thursday,5.340000153,3.680000067,3.700000048,55.59999847,10,3,8,1,90.31999874
18-01-2019,2019,1,Friday,6.329999924,6.43900013,4,27.79999924,13,0,24,2,83.56899929
19-01-2019,2019,1,Saturday,7.019999981,8.390999794,5.5,77.40000153,9,0,1,3,111.3110013
20-01-2019,2019,1,Sunday,11.67000008,14.4630003,2.099999905,93.05000305,6,0,34,1,162.2830033
21-01-2019,2019,1,Monday,4.340000153,5.824999809,0,67.15000153,11,0,31,0,119.3150015
22-01-2019,2019,1,Tuesday,6.829999924,7.076000214,1,74.90000153,13,1,7,0,110.8060017
23-01-2019,2019,1,Wednesday,3.329999924,8.463000298,7.099999905,58.40000153,4,0,23,2,106.2930017
24-01-2019,2019,1,Thursday,4,4.494999886,6,47.29999924,7,4,2,3,77.79499912
25-01-2019,2019,1,Friday,2.329999924,7.179999828,4,32.65000153,11,2,11,1,71.16000128
26-01-2019,2019,1,Saturday,7,8.458999634,2.400000095,97.80000305,11,1,13,1,141.6590028
27-01-2019,2019,1,Sunday,10.52000046,11.74499989,2,100.0999985,12,1,6,2,145.3649988
28-01-2019,2019,1,Monday,8.5,7.109000206,3,45,11,0,28,3,105.6090002
29-01-2019,2019,1,Tuesday,5,5,3.450000048,38.79999924,10,2,15,0,79.24999928
30-01-2019,2019,1,Wednesday,6.329999924,5.712999821,2.25,52.31200027,8,0,11,1.299999952,86.90499997
31-01-2019,2019,1,Thursday,1.669999957,11.50500011,2,62.20000076,8,1,20,2,108.3750008
01-02-2019,2019,2,Friday,11.34000015,1.725999951,8,38.90000153,9,0,7,3,78.96600163
02-02-2019,2019,2,Saturday,13.34000015,12.70600033,6.199999809,64.26200104,8,1,45,0,150.5080013
03-02-2019,2019,2,Sunday,6,9.812000275,5.75,47.08800125,10,1,5,4.400000095,89.05000162
04-02-2019,2019,2,Monday,6.329999924,6.679999828,3,47,5,1,12,2,83.00999975
05-02-2019,2019,2,Tuesday,5.329999924,10.38599968,3.650000095,33.79999924,2,0,1,4,60.16599894
06-02-2019,2019,2,Wednesday,6.340000153,4.177999973,2.200000048,29,4,0,4,1.5,51.21800017
07-02-2019,2019,2,Thursday,2.329999924,5.131999969,4.5,42.59999847,11,0,22,1,88.56199837
08-02-2019,2019,2,Friday,2,6.373000145,7,50.20000076,9,3,12,5,94.57300091
09-02-2019,2019,2,Saturday,6.679999828,7.382999897,5,51.65000153,10,0,11,1,92.71300125
10-02-2019,2019,2,Sunday,3.339999914,7.118999958,3.349999905,43.20000076,9,0,0,1.200000048,67.20900059
11-02-2019,2019,2,Monday,8,7.468999863,6.150000095,30,10,0,5,3,69.61899996
12-02-2019,2019,2,Tuesday,6.659999847,3.339999914,0,34.59999847,8.199999809,0,6,0.5,59.29999804
13-02-2019,2019,2,Wednesday,4,4.010000229,1,27.20000076,16,0,8,2,62.21000099
14-02-2019,2019,2,Thursday,2.329999924,6.517000198,3.150000095,54.5,9,0,7,3,85.49700022
15-02-2019,2019,2,Friday,5.340000153,5,12.5,52.04999924,16,0,3,2,95.88999939
16-02-2019,2019,2,Saturday,6.340000153,6.019999981,5,36.40000153,8,0,6,3,70.76000166
17-02-2019,2019,2,Sunday,2.339999914,4.415999889,4,15.1619997,11.19999981,0,0,3.099999905,40.21799922
18-02-2019,2019,2,Monday,3.339999914,2.075999975,3.599999905,27.39999962,7,0,10,0,53.41599941
19-02-2019,2019,2,Tuesday,3.329999924,4.329999924,1.5,27.39999962,15,2,6,3,62.55999947
20-02-2019,2019,2,Wednesday,2.339999914,4.778999805,3.299999952,30.60000038,14,0,7,3,65.01900005
21-02-2019,2019,2,Thursday,1.659999967,5,2.099999905,45.40000153,15,1,5,2,77.1600014
22-02-2019,2019,2,Friday,2.329999924,2,1.200000048,16,5,0,1,2,29.52999997
23-02-2019,2019,2,Saturday,5.010000229,2.440000057,3.200000048,38.20000076,13,0,0,1.299999952,63.15000105
24-02-2019,2019,2,Sunday,4.340000153,4.010000229,1.5,19,2,0,2,2,34.85000038
25-02-2019,2019,2,Monday,5.340000153,1.422999978,3,25.20000076,4,2,2,3,45.96300089
26-02-2019,2019,2,Tuesday,2.329999924,3.829999924,5.150000095,27,8,0,3,3,52.30999994
27-02-2019,2019,2,Wednesday,5,0.670000017,1.200000048,13.39999962,9,0,1,7.5,37.76999968
28-02-2019,2019,2,Thursday,0.670000017,3.329999924,4,34,2,1,35,3,82.99999994
01-03-2019,2019,3,Friday,1.330000043,3.821000099,2.5,22.20000076,12,0,6,2,49.85100091
02-03-2019,2019,3,Saturday,4.010000229,1.330000043,4,46,9,3,0,5,72.34000027
03-03-2019,2019,3,Sunday,8,4.010000229,1,20,5,0,10,0.400000006,48.41000023
04-03-2019,2019,3,Monday,5.329999924,2.670000076,7,41,3,0,5,2,66
05-03-2019,2019,3,Tuesday,3.00999999,2.329999924,0.200000003,20,8,3,6,5.300000191,47.84000011
06-03-2019,2019,3,Wednesday,0.340000004,1.396000028,0.699999988,31,17,1,5,3,59.43600002
07-03-2019,2019,3,Thursday,7.329999924,2.075999975,4.25,10,24,0,0,4,51.6559999
08-03-2019,2019,3,Friday,2.329999924,3.339999914,0.200000003,33.70000076,4,1,0,4.300000191,48.87000079
09-03-2019,2019,3,Saturday,6.340000153,1.669999957,4,45.20000076,11,0,7,5,80.21000087
10-03-2019,2019,3,Sunday,5.829999924,3.086999893,5.349999905,51,5,0,3,9,82.26699972
11-03-2019,2019,3,Monday,14.65999985,3.670000076,2.5,26.39999962,10,3,11,3,74.22999954
12-03-2019,2019,3,Tuesday,4.329999924,3.372999907,1.5,31.85000038,12,0,7,2,62.05300021
13-03-2019,2019,3,Wednesday,2.670000076,4.340000153,6,22,10,0,8,4,57.01000023
14-03-2019,2019,3,Thursday,4,5.670000076,0.200000003,47.20000076,12,1,27,6,103.0700008
15-03-2019,2019,3,Friday,2.829999924,1.340000033,3,40,7,1,20,5,80.16999996
16-03-2019,2019,3,Saturday,8.340000153,0.837000012,5,29,9,0,5,7,64.17700016
17-03-2019,2019,3,Sunday,6.679999828,3.72300005,2,55,6,0,10,5,88.40299988
18-03-2019,2019,3,Monday,2.329999924,0.834999979,2.099999905,23,11,0,1,9,49.26499981
19-03-2019,2019,3,Tuesday,9,3.329999924,1.5,26.20000076,10,1,2,8,61.03000069
20-03-2019,2019,3,Wednesday,5.670000076,2,2,28.89999962,8.199999809,0,19,5,70.7699995
21-03-2019,2019,3,Thursday,2.329999924,1.422999978,0,18.79999924,13,0,6,5,46.55299914
22-03-2019,2019,3,Friday,4.659999847,7.043000221,1.100000024,41,13,0,29,6,101.8030001
23-03-2019,2019,3,Saturday,6,3.359999895,4.25,15.5,7,0,1,5,42.1099999
24-03-2019,2019,3,Sunday,6,2.670000076,3,43.20000076,6.199999809,1,16,10,88.07000065
25-03-2019,2019,3,Monday,4.840000153,4.522999763,6,27,11,1,6,6,66.36299992
26-03-2019,2019,3,Tuesday,4,5.510000229,3,36,11,0,19,9,87.51000023
27-03-2019,2019,3,Wednesday,6.340000153,7.769000053,3,25.60000038,12,1,0,9,64.70900059
28-03-2019,2019,3,Thursday,1.330000043,6.429999828,1.399999976,14,6,0,7,1,37.15999985
29-03-2019,2019,3,Friday,3,4.297999859,4,25.29999924,10,0,16,9.199999809,71.79799891
30-03-2019,2019,3,Saturday,4.659999847,10.68000031,1.100000024,18,11,1,0,6.099999905,52.54000008
31-03-2019,2019,3,Sunday,7,4.56400013,1.5,27,8,1,5,9.199999809,63.26399994
01-04-2019,2019,4,Monday,3.00999999,1.702999949,3,34.65000153,12,0,5,5,64.36300147
02-04-2019,2019,4,Tuesday,7.670000076,1.330000043,3,24,7,0,10,8,61.00000012
03-04-2019,2019,4,Wednesday,5.329999924,5.098999977,1.5,18.29999924,12,0,4,9.300000191,55.52899933
04-04-2019,2019,4,Thursday,4.5,2.226000071,8,39,8,1,13,15,90.72600007
05-04-2019,2019,4,Friday,6.340000153,4.197999954,4,25.20000076,7,0,3,4,53.73800087
06-04-2019,2019,4,Saturday,3.339999914,6.010000229,3,13.19999981,13,0,16,9.300000191,63.85000014
07-04-2019,2019,4,Sunday,6,5.118999958,4,19,3,0,0,7,44.11899996
08-04-2019,2019,4,Monday,5,4.349999905,3.299999952,10,8.199999809,0,4,3,37.84999967
09-04-2019,2019,4,Tuesday,2.829999924,2,1,12,10,0,3,5,35.82999992
10-04-2019,2019,4,Wednesday,2.339999914,2.746000051,2,34,16.20000076,3,9,8,77.28600073
11-04-2019,2019,4,Thursday,7.329999924,6.156000137,2,15.89999962,15,0,7,8,61.38599968
12-04-2019,2019,4,Friday,4.329999924,4.373000145,4.099999905,16.60000038,16,0,6,7,58.40300035
13-04-2019,2019,4,Saturday,4.5,4.133999825,1.100000024,14,4,0,6,4,37.73399985
14-04-2019,2019,4,Sunday,4,4.406000137,1,23,3,1,7,5.5,48.90600014
15-04-2019,2019,4,Monday,4.659999847,6,5.300000191,8.800000191,17,2,3,5,51.76000023
16-04-2019,2019,4,Tuesday,2,2.670000076,2,27.20000076,12,3,1,3,52.87000084
17-04-2019,2019,4,Wednesday,7,4,1.25,13.5,11,1,24,5,66.75
18-04-2019,2019,4,Thursday,0,0,0,0,0,0,0,0,0
19-04-2019,2019,4,Friday,3.339999914,2.743000031,1.5,25,17,0,6,2,57.58299994
20-04-2019,2019,4,Saturday,9,3.769000053,1.5,22.39999962,12,3,0,6,57.66899967
21-04-2019,2019,4,Sunday,3.839999914,4.84499979,3,21,11,0,2,12.19999981,57.88499951
22-04-2019,2019,4,Monday,8.670000076,1.659999967,4.5,51,12,0,31,9,117.83
23-04-2019,2019,4,Tuesday,9,0.340000004,6.099999905,18.39999962,6,1,4,2,46.83999953
24-04-2019,2019,4,Wednesday,2.339999914,4.747000217,3,39.09999847,13,3,12,2,79.18699861
25-04-2019,2019,4,Thursday,14.01000023,3.589999914,2,15,17,1,7,5.400000095,65.00000024
26-04-2019,2019,4,Friday,6.340000153,1.679999948,3.25,32.59999847,6,0,1,11,61.86999857
27-04-2019,2019,4,Saturday,17.34000015,2.496999979,3.099999905,25.20000076,13,1,7,7,76.1370008
28-04-2019,2019,4,Sunday,0,0,0,0,0,0,0,0,0
29-04-2019,2019,4,Monday,5.329999924,6.367000103,2.599999905,27.60000038,5,0,0,3,49.89700031
30-04-2019,2019,4,Tuesday,2,1.406999946,8,22,13,2,28,8.399999619,84.80699956
01-05-2019,2019,5,Wednesday,2.339999914,4.019999981,1,8,1,0,1,3,20.3599999
02-05-2019,2019,5,Thursday,1.679999948,5.428999901,5.5,20,15,1,3,9,60.60899985
03-05-2019,2019,5,Friday,4.010000229,2.339999914,3,24,11,3,16,8,71.35000014
04-05-2019,2019,5,Saturday,9,5.429999828,4.25,25,5,1,16,9,74.67999983
05-05-2019,2019,5,Sunday,7,2.420000076,4.199999809,31,2,0,0,5,51.61999989
06-05-2019,2019,5,Monday,4.679999828,0.066,2,23,11,2,9,3,54.74599983
07-05-2019,2019,5,Tuesday,2.660000086,5.519000053,1,33.40000153,19,0,6,5,72.57900167
08-05-2019,2019,5,Wednesday,9,4.032999992,3,13,15,2,20,0,66.03299999
09-05-2019,2019,5,Thursday,5,2.329999924,2.099999905,12.5,10,1,31,4,67.92999983
10-05-2019,2019,5,Friday,5,1.340000033,5.5,11.60000038,13,2,26,2,66.44000041
11-05-2019,2019,5,Saturday,5.340000153,5,5.5,16.79999924,9,0,12,5,58.63999939
12-05-2019,2019,5,Sunday,4.670000076,1.679999948,3.099999905,38.79999924,2,1,19,5,75.24999917
13-05-2019,2019,5,Monday,5,4.52699995,2,26.20000076,11,0,11,3,62.72700071
14-05-2019,2019,5,Tuesday,6.670000076,4.362999916,4,25,5,0,11,3,59.03299999
15-05-2019,2019,5,Wednesday,4,1.065999985,4.150000095,28.39999962,7,0,5,3,52.6159997
16-05-2019,2019,5,Thursday,5,1.067000031,2,12,9,1,0,5,35.06700003
17-05-2019,2019,5,Friday,2.660000086,1.659999967,2.400000095,28,18,2,4,2.200000048,60.9200002
18-05-2019,2019,5,Saturday,10,0.340000004,5.099999905,14,9,2,5,3,48.43999991
19-05-2019,2019,5,Sunday,6.670000076,5,4,26.39999962,9,0,9,4.199999809,64.2699995
20-05-2019,2019,5,Monday,3.670000076,6.395999908,5,21.29999924,11,4,13,5,69.36599922
21-05-2019,2019,5,Tuesday,5.340000153,4,5.099999905,17.60000038,12.19999981,0,1,7,52.24000025
22-05-2019,2019,5,Wednesday,8.159999847,2.835999966,3.150000095,28.20000076,8,0,9,5,64.34600067
23-05-2019,2019,5,Thursday,2.329999924,3.339999914,2,26.10000038,4,0,10,6,53.77000022
24-05-2019,2019,5,Friday,5.340000153,3.703000069,3,36.20000076,8,1,5,3,65.24300098
25-05-2019,2019,5,Saturday,11,3.339999914,4.099999905,35,4,0,16,2,75.43999982
26-05-2019,2019,5,Sunday,6.329999924,5.309999943,2,30,2.599999905,0,11,6,63.23999977
27-05-2019,2019,5,Monday,4.670000076,0.670000017,1.200000048,19,8,0,0,2,35.54000014
28-05-2019,2019,5,Tuesday,4.329999924,3.99000001,6.300000191,18.20000076,10,2,5,6,55.82000089
29-05-2019,2019,5,Wednesday,5.5,2.339999914,4.050000191,15,10,1,0,3,40.8900001
30-05-2019,2019,5,Thursday,5,0.340000004,3.400000095,17.20000076,5,0,6,4,40.94000086
31-05-2019,2019,5,Friday,5.989999771,3.362999916,1,22.66200066,2,0,2,5,42.01500034
01-06-2019,2019,6,Saturday,3,1.340000033,6,21.39999962,1,0,8,4,44.73999965
02-06-2019,2019,6,Sunday,4,2.660000086,3.049999952,28,4,1,6,4,52.71000004
03-06-2019,2019,6,Monday,0.330000013,2.505000114,4,15.39999962,4,0,5,10,41.23499975
04-06-2019,2019,6,Tuesday,6.340000153,2.822999954,5.349999905,28.20000076,9,1,12,5,69.71300077
05-06-2019,2019,6,Wednesday,5,1.769999981,2.099999905,26.10000038,7,0,1,2,44.97000027
06-06-2019,2019,6,Thursday,7.670000076,2.075999975,6.349999905,27,7,2,11,4,67.09599996
07-06-2019,2019,6,Friday,6,2.670000076,2,22,6,0,16,0,54.67000008
08-06-2019,2019,6,Saturday,3,3.660000086,1,22.39999962,12,0,0,2.099999905,44.15999961
09-06-2019,2019,6,Sunday,9.329999924,1.032999992,8,16.5,7,4,0,5,50.86299992
10-06-2019,2019,6,Monday,3,1.340000033,2,15,7,0,6,12,46.34000003
11-06-2019,2019,6,Tuesday,11.34000015,3.329999924,10.5,25,9,0,7,6,72.17000008
12-06-2019,2019,6,Wednesday,8,3.405999899,1,16.20000076,11,0,1,7,47.60600066
13-06-2019,2019,6,Thursday,0.680000007,3.019999981,0.25,19.39999962,2,0,2,9,36.34999961
14-06-2019,2019,6,Friday,3.180000067,3.349999905,3,15,2,1,0,6,33.52999997
15-06-2019,2019,6,Saturday,7,3.463000059,5,15,13,0,7,8,58.46300006
16-06-2019,2019,6,Sunday,4,5.349999905,3,18,2,0,0,9,41.3499999
17-06-2019,2019,6,Monday,6.659999847,4.659999847,3,18,6,0,2,2.339999914,42.65999961
18-06-2019,2019,6,Tuesday,5,4.210000038,3,29.5,8,0,2,12.10000038,63.81000042
19-06-2019,2019,6,Wednesday,3.670000076,3.032999992,3,18,6,1,2,5.5,42.20300007
20-06-2019,2019,6,Thursday,5,4.362999916,3,15,9,4,0,4,44.36299992
21-06-2019,2019,6,Friday,3,2.329999924,3,24.79999924,8,3,4,6,54.12999916
22-06-2019,2019,6,Saturday,3,4,0,25,11,2,12,5,62
23-06-2019,2019,6,Sunday,9.329999924,4.791999817,5.5,18.20000076,1,0,10,1,49.8220005
24-06-2019,2019,6,Monday,10,4.679999828,3.099999905,19,9,3,3,7,58.77999973
25-06-2019,2019,6,Tuesday,2.339999914,2.638000011,5,12,10,1,0,3,35.97799993
26-06-2019,2019,6,Wednesday,2,3.440000057,1,11.60000038,5,1,0,5,29.04000044
27-06-2019,2019,6,Thursday,8.159999847,6.329999924,4,15,5,1,7,2,48.48999977
28-06-2019,2019,6,Friday,4.329999924,1.496000051,2,15,5,0,2,3,32.82599998
29-06-2019,2019,6,Saturday,1.179999948,5.699999809,5,18.29999924,2,0,5,2,39.17999899
30-06-2019,2019,6,Sunday,6,6.15899992,0,40,5,0,11,5,73.15899992
01-07-2019,2019,7,Monday,5.329999924,2,1,14,7,0,8,4,41.32999992
02-07-2019,2019,7,Tuesday,5.659999847,3.012000084,4,14,9,0,1,4.300000191,40.97200012
03-07-2019,2019,7,Wednesday,4,2.848999977,4,30.04999924,9,0,1,4,54.89899921
04-07-2019,2019,7,Thursday,5.329999924,1.669999957,0,13,7,1,3,6.5,37.49999988
05-07-2019,2019,7,Friday,4.329999924,3.079999924,4,20,11,0,0,2,44.40999985
06-07-2019,2019,7,Saturday,4.340000153,1.702999949,3,16,2,0,1,3,31.0430001
07-07-2019,2019,7,Sunday,5.659999847,6.462999821,3,25,2,0,3,5,50.12299967
08-07-2019,2019,7,Monday,6,4.373000145,2,21.39999962,9.199999809,1,4,4,51.97299957
09-07-2019,2019,7,Tuesday,2.670000076,2.703000069,8,15,12,4,3,2,49.37300014
10-07-2019,2019,7,Wednesday,10,5.670000076,5,19.60000038,10.19999981,0,1,4,55.47000027
11-07-2019,2019,7,Thursday,3.329999924,4.725999832,4,19,7,0,0,3,41.05599976
12-07-2019,2019,7,Friday,11,5.090000153,4.050000191,34,7.199999809,0,2,2,65.34000015
13-07-2019,2019,7,Saturday,5,3.417000055,1,17.60000038,5,3,0,5,40.01700044
14-07-2019,2019,7,Sunday,6,5.340000153,4,23,3,0,5,1,47.34000015
15-07-2019,2019,7,Monday,7.329999924,1.669999957,4.550000191,24,6,1,0,7,51.55000007
16-07-2019,2019,7,Tuesday,7,3.339999914,3,14,7,0,2,4,40.33999991
17-07-2019,2019,7,Wednesday,3.99000001,0.157000005,2.5,26,7,1,0,2,42.64700001
18-07-2019,2019,7,Thursday,11,3.329999924,1.299999952,24,11,0,3,3,56.62999988
19-07-2019,2019,7,Friday,7.329999924,5.340000153,4,28,15,0,3,7,69.67000008
20-07-2019,2019,7,Saturday,4.340000153,4.448999882,1,17.20000076,4,0,6,2,38.9890008
21-07-2019,2019,7,Sunday,6.340000153,0.363000005,1.100000024,16,5,0,1,3,32.80300018
22-07-2019,2019,7,Monday,1,2.660000086,2,14.25,10,0,0,6,35.91000009
23-07-2019,2019,7,Tuesday,1.340000033,0.670000017,5.199999809,7.25,11,0,7,2.400000095,34.85999995
24-07-2019,2019,7,Wednesday,8,3.769000053,2,30.875,19,0,2,1,66.64400005
25-07-2019,2019,7,Thursday,6,7,5,20,9,1,11,2,61
26-07-2019,2019,7,Friday,12.5,4,0.100000001,17,12,0,8,3,56.6
27-07-2019,2019,7,Saturday,3.339999914,0,1,22,6,3,2,3.400000095,40.74000001
28-07-2019,2019,7,Sunday,4.340000153,1.340000033,4,13,3,1,0,0.600000024,27.28000021
29-07-2019,2019,7,Monday,9,4.329999924,2,25.45000076,12,0,1,2,55.78000069
30-07-2019,2019,7,Tuesday,9.5,6.186999798,5,19,9,4,33,5,90.6869998
31-07-2019,2019,7,Wednesday,0,2.839999914,2,21,4,0,4,2,35.83999991
01-08-2019,2019,8,Thursday,8.670000076,0.912999988,2,37,6,0,1,2,57.58300006
02-08-2019,2019,8,Friday,5,1.679999948,3,18,7,2,6,1,43.67999995
03-08-2019,2019,8,Saturday,5.340000153,4.679999828,2.299999952,12,6,5,1,3.400000095,39.72000003
04-08-2019,2019,8,Sunday,6.5,2.670000076,5,24,10,0,2,4.300000191,54.47000027
05-08-2019,2019,8,Monday,4,1,4.300000191,6,7,1,5,0,28.30000019
06-08-2019,2019,8,Tuesday,10,4.670000076,2,17.25,4,0,6,6,49.92000008
07-08-2019,2019,8,Wednesday,6,1.758999944,2,9,7,0,21,3,49.75899994
08-08-2019,2019,8,Thursday,7.659999847,1.00999999,3,15,10,0,31,3,70.66999984
09-08-2019,2019,8,Friday,3,3.25,0,8,13,5,1,5,38.25
10-08-2019,2019,8,Saturday,3.329999924,0.680000007,6,15,11,0,0,0,36.00999993
11-08-2019,2019,8,Sunday,7,6.849999905,4,16,5,2,2,3,45.8499999
12-08-2019,2019,8,Monday,8.329999924,4.495999813,1,36,11,1,5,3.5,70.32599974
13-08-2019,2019,8,Tuesday,8,1.896000028,2,15,3,0,2,1,32.89600003
14-08-2019,2019,8,Wednesday,4.340000153,0.670000017,3.099999905,20,6,0,0,3,37.11000007
15-08-2019,2019,8,Thursday,8.670000076,1.99000001,2,12,9,0,11,2,46.66000009
16-08-2019,2019,8,Friday,3.329999924,2.680000067,2,13,15,0,10,7,53.00999999
17-08-2019,2019,8,Saturday,7.670000076,4.531000137,2.450000048,18,5,1,0,2.5,41.15100026
18-08-2019,2019,8,Sunday,4.840000153,2.845999956,1,11,4,0,7,4,34.68600011
19-08-2019,2019,8,Monday,3.680000067,3.670000076,4,9,11,2,0,4,37.35000014
20-08-2019,2019,8,Tuesday,2,1.320000052,2,13.39999962,8,0,2,3,31.71999967
21-08-2019,2019,8,Wednesday,4.340000153,4,0,19.45000076,10,0,5,3,45.79000092
22-08-2019,2019,8,Thursday,5.340000153,4,2,20,8,2,10,3,54.34000015
23-08-2019,2019,8,Friday,9.670000076,5.156000137,4.050000191,12,11,2,4,2,49.8760004
24-08-2019,2019,8,Saturday,13.84000015,6.019999981,3,24.60000038,9,0,0,5.5,61.96000051
25-08-2019,2019,8,Sunday,3,3.349999905,2,17,4,0,3,0,32.3499999
26-08-2019,2019,8,Monday,2.670000076,2.372999907,3,18,11,0,3,3,43.04299998
27-08-2019,2019,8,Tuesday,2.339999914,2.00999999,3,21,3,0,0,5,36.3499999
28-08-2019,2019,8,Wednesday,3.329999924,1.427000046,5,10,6,1,0,2,28.75699997
29-08-2019,2019,8,Thursday,9,1.679999948,5,17.39999962,9,1,1,2,46.07999957
30-08-2019,2019,8,Friday,6.340000153,1.055999994,2,19,3,0,2,5.099999905,38.49600005
31-08-2019,2019,8,Saturday,4.679999828,3.936000109,2,15,5,1,4,6,41.61599994
01-09-2019,2019,9,Sunday,2,4.360000134,5,17,8.199999809,1,5,4,46.55999994
02-09-2019,2019,9,Monday,5.329999924,2.086999893,2.5,18,7,0,1,9,44.91699982
03-09-2019,2019,9,Tuesday,9.359999657,2.349999905,3.099999905,12.125,8,3,1,2,40.93499947
04-09-2019,2019,9,Wednesday,2,0.372999996,2.150000095,29.22999954,7,0,3,3,46.75299963
05-09-2019,2019,9,Thursday,7,9.529999733,2,14,1,0,1,8,42.52999973
06-09-2019,2019,9,Friday,1.679999948,2.670000076,1,28.39999962,7,0,0,1.5,42.24999964
07-09-2019,2019,9,Saturday,8.329999924,3.670000076,2,27,14,3,6,2,66
08-09-2019,2019,9,Sunday,7.010000229,6.086999893,3,26,7,0,3,3,55.09700012
09-09-2019,2019,9,Monday,1.179999948,2.124000072,3,26,4,3,5,2,46.30400002
10-09-2019,2019,9,Tuesday,8.659999847,6.679999828,4.199999809,22,17,0,1,1,60.53999949
11-09-2019,2019,9,Wednesday,2.670000076,5.076000214,3,42,5,0,5,2.5,65.24600029
12-09-2019,2019,9,Thursday,2.329999924,1.340000033,2,21.97500038,11.19999981,0,10,4,52.84500015
13-09-2019,2019,9,Friday,6.340000153,3.349999905,2,17,12,2,5,5,52.69000006
14-09-2019,2019,9,Saturday,8.989999771,6.396999836,3.450000048,24,12,0,2,10,66.83699965
15-09-2019,2019,9,Sunday,5.340000153,6.010000229,2,25.39999962,6,0,2,6,52.75
16-09-2019,2019,9,Monday,9.329999924,2.315999985,3,22,5,1,0,2,44.64599991
17-09-2019,2019,9,Tuesday,4.5,3.006999969,6.5,19.20000076,8.199999809,0,6,2,49.40700054
18-09-2019,2019,9,Wednesday,6.329999924,4.329999924,7,22,4,0,2,2,47.65999985
19-09-2019,2019,9,Thursday,7.329999924,3.339999914,3,33,5,2,3,4,60.66999984
20-09-2019,2019,9,Friday,5.340000153,3.382999897,2,51.29999924,3,0,1,3,69.02299929
21-09-2019,2019,9,Saturday,10.68000031,5.679999828,1,44.25,3,0,6,4,74.61000013
22-09-2019,2019,9,Sunday,3.329999924,3.339999914,1.899999976,56.5,3,0,8,4,80.06999981
23-09-2019,2019,9,Monday,5.340000153,4.548999786,3.299999952,55,6,0,1,4,79.18899989
24-09-2019,2019,9,Tuesday,2,1.340000033,6,61.29999924,12,0,1,6,89.63999927
25-09-2019,2019,9,Wednesday,6,3.670000076,4.199999809,32.5,14,1,0,4,65.36999989
26-09-2019,2019,9,Thursday,5.5,3.032999992,2,31,13,0,31,0,85.53299999
27-09-2019,2019,9,Friday,4.659999847,4.359000206,4,41.09999847,4,0,2,4,64.11899853
28-09-2019,2019,9,Saturday,7,1.679999948,4.099999905,48,6.199999809,0,1,3,70.97999966
29-09-2019,2019,9,Sunday,3.50999999,3.867000103,3,67.80000305,6,0,3,2.099999905,89.27700305
30-09-2019,2019,9,Monday,2,1.43900001,2.099999905,49.40000153,9,0,5,2,70.93900144
01-10-2019,2019,10,Tuesday,11.34000015,2.405999899,0.100000001,47,15,4,17,1.5,98.34600005
02-10-2019,2019,10,Wednesday,5.179999828,3.273999929,2.799999952,30.20000076,9,1,0,1.100000024,52.5540005
03-10-2019,2019,10,Thursday,5,3,4,40.40000153,10,0,2,2,66.40000153
04-10-2019,2019,10,Friday,7.340000153,5.683000088,2.25,22.45000076,13,0,1,1,52.723001
05-10-2019,2019,10,Saturday,3.839999914,5.010000229,6,25.39999962,7,0,0,0.330000013,47.57999977
06-10-2019,2019,10,Sunday,4,11.68999958,2,34.59999847,6,0,5,4.199999809,67.48999786
07-10-2019,2019,10,Monday,7.340000153,4.506999969,3,50.79999924,6,0,10,1,82.64699936
08-10-2019,2019,10,Tuesday,0.330000013,1.730000019,0.5,44.29999924,20,2,2,0,70.85999927
